request_id,request_scientist,request_group,request_status,request_platform,request_selfservice,request_long_seqtype,request_demultiplexing,request_align,request_external_analysis,request_cost_assignment,request_comments,request_sampnum,request_submitted,request_accepted,request_completed,request_duration,request_last_change,project_id,project_name,project_description,project_group_id,project_scientist_id,project_created,project_completed,project_status,project_cost_assignment,project_request_count,project_last_request,project_last_change,project_scientist,project_group,request_lane_id,request_lane_request_id,request_lane_num,request_lane_status,request_lane_pooled,request_lane_extra_phix,request_lane_low_complexity,request_lane_pooling_strategy,request_lane_multi_id,request_lane_sampnum,request_lane_share_status,request_lane_share_required_ratio,request_lane_super_multi_id,request_lane_custom_primer,request_lane_buffer,request_lane_required_reads,request_lane_duration,request_lane_time_to_watchdog,request_lane_last_change,request_lane_watchdog_notified,request_lane_onhold_notified,request_lane_onhold_started,request_lane_show_id,requests_sample_id,requests_sample_status,requests_sample_request_id,requests_sample_sample_id,requests_sample_lane,requests_sample_ratio,requests_sample_resubmission,requests_sample_duration,requests_sample_time_to_watchdog,requests_sample_required_ratio,requests_sample_analysis_pipeline,requests_sample_last_change,requests_sample_onhold_started,sample_id,sample_platform,sample_status,sample_description,sample_organism,sample_exptype,sample_tissue_type,sample_celltype,sample_genotype,sample_treatment,sample_antibody,sample_external_link,sample_comments,sample_scientist,sample_group,sample_preparation_type,sample_preparation_kit,sample_user_preparation_kit,sample_cutout_size,sample_fragment_size,sample_stranded,sample_own_risk,sample_primer,sample_adaptor_type,sample_adaptor_number,sample_adaptor_secondary_number,sample_adaptor_inline_number,sample_adaptor_tag,sample_adaptor_secondary_tag,sample_adaptor_inline_tag,sample_received,sample_ready,sample_last_change
19701,"Florian Pauler",Hippenmeyer,Completed,Illumina,0,"NovaSeqX 10B XP flowcell PairedEnd 150 - single lane",1,,,-,"~40 yl of 11nM, library. Smart-Seq v3. PhiX requested to be 15%",287,2025-10-20T00:00:00+02:00,2025-10-21T00:00:00+02:00,2025-10-28T00:00:00+01:00,7,2025-10-28T12:45:42+01:00,3575,"Organoid PatchSeq",,131,12,2025-10-18T12:25:42+02:00,,Created,,1,2025-10-20T00:00:00+02:00,2025-10-20T13:54:55+02:00,"Florian Pauler",Hippenmeyer,27829,19701,1,Completed,1,15,0,qpcr,21714,287,no_spikeins,1,,None,Standard,,7,4,2025-10-28T12:45:42+01:00,,,,R19701_1,534058,Completed,19701,366665,1,1,0,7,4,0,,2025-10-28T12:45:20+01:00,,366665,Illumina,Ready,E5_SetC_Pl3,"Mus musculus",RNA-Seq,Cx,"single cell",M11-Emx1creER,,,,,"Florian Pauler",Hippenmeyer,none,"none Illumina",,100-700,200-1000,1,0,Standard,"IDT-ILMN Nextera DNA UD Indexes v3",7229,5229,,GCTCTTAACT,CACGTCCACC,,2025-10-21T00:00:00+02:00,2025-10-22T00:00:00+02:00,2025-10-22T13:35:03+02:00
19701,"Florian Pauler",Hippenmeyer,Completed,Illumina,0,"NovaSeqX 10B XP flowcell PairedEnd 150 - single lane",1,,,-,"~40 yl of 11nM, library. Smart-Seq v3. PhiX requested to be 15%",287,2025-10-20T00:00:00+02:00,2025-10-21T00:00:00+02:00,2025-10-28T00:00:00+01:00,7,2025-10-28T12:45:42+01:00,3575,"Organoid PatchSeq",,131,12,2025-10-18T12:25:42+02:00,,Created,,1,2025-10-20T00:00:00+02:00,2025-10-20T13:54:55+02:00,"Florian Pauler",Hippenmeyer,27829,19701,1,Completed,1,15,0,qpcr,21714,287,no_spikeins,1,,None,Standard,,7,4,2025-10-28T12:45:42+01:00,,,,R19701_1,534059,Completed,19701,366664,1,1,0,7,4,0,,2025-10-28T12:45:20+01:00,,366664,Illumina,Ready,D5_SetC_Pl3,"Mus musculus",RNA-Seq,Cx,"single cell",M11-Emx1creER,,,,,"Florian Pauler",Hippenmeyer,none,"none Illumina",,100-700,200-1000,1,0,Standard,"IDT-ILMN Nextera DNA UD Indexes v3",7228,5228,,ACTAGCGCTA,TTACTTCCTC,,2025-10-21T00:00:00+02:00,2025-10-22T00:00:00+02:00,2025-10-22T13:35:03+02:00
19701,"Florian Pauler",Hippenmeyer,Completed,Illumina,0,"NovaSeqX 10B XP flowcell PairedEnd 150 - single lane",1,,,-,"~40 yl of 11nM, library. Smart-Seq v3. PhiX requested to be 15%",287,2025-10-20T00:00:00+02:00,2025-10-21T00:00:00+02:00,2025-10-28T00:00:00+01:00,7,2025-10-28T12:45:42+01:00,3575,"Organoid PatchSeq",,131,12,2025-10-18T12:25:42+02:00,,Created,,1,2025-10-20T00:00:00+02:00,2025-10-20T13:54:55+02:00,"Florian Pauler",Hippenmeyer,27829,19701,1,Completed,1,15,0,qpcr,21714,287,no_spikeins,1,,None,Standard,,7,4,2025-10-28T12:45:42+01:00,,,,R19701_1,534060,Completed,19701,366663,1,1,0,7,4,0,,2025-10-28T12:45:20+01:00,,366663,Illumina,Ready,C5_SetC_Pl3,"Mus musculus",RNA-Seq,Cx,"single cell",M11-Emx1creER,,,,,"Florian Pauler",Hippenmeyer,none,"none Illumina",,100-700,200-1000,1,0,Standard,"IDT-ILMN Nextera DNA UD Indexes v3",7227,5227,,GCAGCCTCAA,TAAGTGCTAG,,2025-10-21T00:00:00+02:00,2025-10-22T00:00:00+02:00,2025-10-22T13:35:03+02:00
19701,"Florian Pauler",Hippenmeyer,Completed,Illumina,0,"NovaSeqX 10B XP flowcell PairedEnd 150 - single lane",1,,,-,"~40 yl of 11nM, library. Smart-Seq v3. PhiX requested to be 15%",287,2025-10-20T00:00:00+02:00,2025-10-21T00:00:00+02:00,2025-10-28T00:00:00+01:00,7,2025-10-28T12:45:42+01:00,3575,"Organoid PatchSeq",,131,12,2025-10-18T12:25:42+02:00,,Created,,1,2025-10-20T00:00:00+02:00,2025-10-20T13:54:55+02:00,"Florian Pauler",Hippenmeyer,27829,19701,1,Completed,1,15,0,qpcr,21714,287,no_spikeins,1,,None,Standard,,7,4,2025-10-28T12:45:42+01:00,,,,R19701_1,534208,Completed,19701,366515,1,1,0,7,4,0,,2025-10-28T12:45:34+01:00,,366515,Illumina,Ready,G10_SetA_Pl1,"Mus musculus",RNA-Seq,Cx,"single cell",M11-Emx1creER,,,,,"Florian Pauler",Hippenmeyer,none,"none Illumina",,100-700,200-1000,1,0,Standard,"IDT-ILMN Nextera DNA UD Indexes v3",7079,5079,,ACGGTCAGGA,CGGCCTCGTT,,2025-10-21T00:00:00+02:00,2025-10-22T00:00:00+02:00,2025-10-22T13:35:35+02:00
19701,"Florian Pauler",Hippenmeyer,Completed,Illumina,0,"NovaSeqX 10B XP flowcell PairedEnd 150 - single lane",1,,,-,"~40 yl of 11nM, library. Smart-Seq v3. PhiX requested to be 15%",287,2025-10-20T00:00:00+02:00,2025-10-21T00:00:00+02:00,2025-10-28T00:00:00+01:00,7,2025-10-28T12:45:42+01:00,3575,"Organoid PatchSeq",,131,12,2025-10-18T12:25:42+02:00,,Created,,1,2025-10-20T00:00:00+02:00,2025-10-20T13:54:55+02:00,"Florian Pauler",Hippenmeyer,27829,19701,1,Completed,1,15,0,qpcr,21714,287,no_spikeins,1,,None,Standard,,7,4,2025-10-28T12:45:42+01:00,,,,R19701_1,534000,Completed,19701,366723,1,1,0,7,4,0,,2025-10-28T12:45:14+01:00,,366723,Illumina,Ready,G12_SetC_Pl3,"Mus musculus",RNA-Seq,Cx,"single cell",M11-Emx1creER,,,,,"Florian Pauler",Hippenmeyer,none,"none Illumina",,100-700,200-1000,1,0,Standard,"IDT-ILMN Nextera DNA UD Indexes v3",7287,5287,,CAAGTCTACA,CACGTACGTG,,2025-10-21T00:00:00+02:00,2025-10-22T00:00:00+02:00,2025-10-22T13:34:52+02:00
19701,"Florian Pauler",Hippenmeyer,Completed,Illumina,0,"NovaSeqX 10B XP flowcell PairedEnd 150 - single lane",1,,,-,"~40 yl of 11nM, library. Smart-Seq v3. PhiX requested to be 15%",287,2025-10-20T00:00:00+02:00,2025-10-21T00:00:00+02:00,2025-10-28T00:00:00+01:00,7,2025-10-28T12:45:42+01:00,3575,"Organoid PatchSeq",,131,12,2025-10-18T12:25:42+02:00,,Created,,1,2025-10-20T00:00:00+02:00,2025-10-20T13:54:55+02:00,"Florian Pauler",Hippenmeyer,27829,19701,1,Completed,1,15,0,qpcr,21714,287,no_spikeins,1,,None,Standard,,7,4,2025-10-28T12:45:42+01:00,,,,R19701_1,534001,Completed,19701,366722,1,1,0,7,4,0,,2025-10-28T12:45:14+01:00,,366722,Illumina,Ready,F12_SetC_Pl3,"Mus musculus",RNA-Seq,Cx,"single cell",M11-Emx1creER,,,,,"Florian Pauler",Hippenmeyer,none,"none Illumina",,100-700,200-1000,1,0,Standard,"IDT-ILMN Nextera DNA UD Indexes v3",7286,5286,,TATAGGTACT,TAGGTGAGAT,,2025-10-21T00:00:00+02:00,2025-10-22T00:00:00+02:00,2025-10-22T13:34:53+02:00
19701,"Florian Pauler",Hippenmeyer,Completed,Illumina,0,"NovaSeqX 10B XP flowcell PairedEnd 150 - single lane",1,,,-,"~40 yl of 11nM, library. Smart-Seq v3. PhiX requested to be 15%",287,2025-10-20T00:00:00+02:00,2025-10-21T00:00:00+02:00,2025-10-28T00:00:00+01:00,7,2025-10-28T12:45:42+01:00,3575,"Organoid PatchSeq",,131,12,2025-10-18T12:25:42+02:00,,Created,,1,2025-10-20T00:00:00+02:00,2025-10-20T13:54:55+02:00,"Florian Pauler",Hippenmeyer,27829,19701,1,Completed,1,15,0,qpcr,21714,287,no_spikeins,1,,None,Standard,,7,4,2025-10-28T12:45:42+01:00,,,,R19701_1,534002,Completed,19701,366721,1,1,0,7,4,0,,2025-10-28T12:45:14+01:00,,366721,Illumina,Ready,E12_SetC_Pl3,"Mus musculus",RNA-Seq,Cx,"single cell",M11-Emx1creER,,,,,"Florian Pauler",Hippenmeyer,none,"none Illumina",,100-700,200-1000,1,0,Standard,"IDT-ILMN Nextera DNA UD Indexes v3",7285,5285,,CCTTGGCATC,GACCGATTCG,,2025-10-21T00:00:00+02:00,2025-10-22T00:00:00+02:00,2025-10-22T13:34:53+02:00
19701,"Florian Pauler",Hippenmeyer,Completed,Illumina,0,"NovaSeqX 10B XP flowcell PairedEnd 150 - single lane",1,,,-,"~40 yl of 11nM, library. Smart-Seq v3. PhiX requested to be 15%",287,2025-10-20T00:00:00+02:00,2025-10-21T00:00:00+02:00,2025-10-28T00:00:00+01:00,7,2025-10-28T12:45:42+01:00,3575,"Organoid PatchSeq",,131,12,2025-10-18T12:25:42+02:00,,Created,,1,2025-10-20T00:00:00+02:00,2025-10-20T13:54:55+02:00,"Florian Pauler",Hippenmeyer,27829,19701,1,Completed,1,15,0,qpcr,21714,287,no_spikeins,1,,None,Standard,,7,4,2025-10-28T12:45:42+01:00,,,,R19701_1,534003,Completed,19701,366720,1,1,0,7,4,0,,2025-10-28T12:45:14+01:00,,366720,Illumina,Ready,D12_SetC_Pl3,"Mus musculus",RNA-Seq,Cx,"single cell",M11-Emx1creER,,,,,"Florian Pauler",Hippenmeyer,none,"none Illumina",,100-700,200-1000,1,0,Standard,"IDT-ILMN Nextera DNA UD Indexes v3",7284,5284,,AGCTGGAATG,ACGGAATGCG,,2025-10-21T00:00:00+02:00,2025-10-22T00:00:00+02:00,2025-10-22T13:34:53+02:00
19701,"Florian Pauler",Hippenmeyer,Completed,Illumina,0,"NovaSeqX 10B XP flowcell PairedEnd 150 - single lane",1,,,-,"~40 yl of 11nM, library. Smart-Seq v3. PhiX requested to be 15%",287,2025-10-20T00:00:00+02:00,2025-10-21T00:00:00+02:00,2025-10-28T00:00:00+01:00,7,2025-10-28T12:45:42+01:00,3575,"Organoid PatchSeq",,131,12,2025-10-18T12:25:42+02:00,,Created,,1,2025-10-20T00:00:00+02:00,2025-10-20T13:54:55+02:00,"Florian Pauler",Hippenmeyer,27829,19701,1,Completed,1,15,0,qpcr,21714,287,no_spikeins,1,,None,Standard,,7,4,2025-10-28T12:45:42+01:00,,,,R19701_1,534006,Completed,19701,366717,1,1,0,7,4,0,,2025-10-28T12:45:14+01:00,,366717,Illumina,Ready,A12_SetC_Pl3,"Mus musculus",RNA-Seq,Cx,"single cell",M11-Emx1creER,,,,,"Florian Pauler",Hippenmeyer,none,"none Illumina",,100-700,200-1000,1,0,Standard,"IDT-ILMN Nextera DNA UD Indexes v3",7281,5281,,TATCACTCTG,AACGTTACAT,,2025-10-21T00:00:00+02:00,2025-10-22T00:00:00+02:00,2025-10-22T13:34:54+02:00
19701,"Florian Pauler",Hippenmeyer,Completed,Illumina,0,"NovaSeqX 10B XP flowcell PairedEnd 150 - single lane",1,,,-,"~40 yl of 11nM, library. Smart-Seq v3. PhiX requested to be 15%",287,2025-10-20T00:00:00+02:00,2025-10-21T00:00:00+02:00,2025-10-28T00:00:00+01:00,7,2025-10-28T12:45:42+01:00,3575,"Organoid PatchSeq",,131,12,2025-10-18T12:25:42+02:00,,Created,,1,2025-10-20T00:00:00+02:00,2025-10-20T13:54:55+02:00,"Florian Pauler",Hippenmeyer,27829,19701,1,Completed,1,15,0,qpcr,21714,287,no_spikeins,1,,None,Standard,,7,4,2025-10-28T12:45:42+01:00,,,,R19701_1,534007,Completed,19701,366716,1,1,0,7,4,0,,2025-10-28T12:45:14+01:00,,366716,Illumina,Ready,H11_SetC_Pl3,"Mus musculus",RNA-Seq,Cx,"single cell",M11-Emx1creER,,,,,"Florian Pauler",Hippenmeyer,none,"none Illumina",,100-700,200-1000,1,0,Standard,"IDT-ILMN Nextera DNA UD Indexes v3",7280,5280,,AGATTAAGTG,CACCTCTTGG,,2025-10-21T00:00:00+02:00,2025-10-22T00:00:00+02:00,2025-10-22T13:34:54+02:00
19701,"Florian Pauler",Hippenmeyer,Completed,Illumina,0,"NovaSeqX 10B XP flowcell PairedEnd 150 - single lane",1,,,-,"~40 yl of 11nM, library. Smart-Seq v3. PhiX requested to be 15%",287,2025-10-20T00:00:00+02:00,2025-10-21T00:00:00+02:00,2025-10-28T00:00:00+01:00,7,2025-10-28T12:45:42+01:00,3575,"Organoid PatchSeq",,131,12,2025-10-18T12:25:42+02:00,,Created,,1,2025-10-20T00:00:00+02:00,2025-10-20T13:54:55+02:00,"Florian Pauler",Hippenmeyer,27829,19701,1,Completed,1,15,0,qpcr,21714,287,no_spikeins,1,,None,Standard,,7,4,2025-10-28T12:45:42+01:00,,,,R19701_1,534008,Completed,19701,366715,1,1,0,7,4,0,,2025-10-28T12:45:15+01:00,,366715,Illumina,Ready,G11_SetC_Pl3,"Mus musculus",RNA-Seq,Cx,"single cell",M11-Emx1creER,,,,,"Florian Pauler",Hippenmeyer,none,"none Illumina",,100-700,200-1000,1,0,Standard,"IDT-ILMN Nextera DNA UD Indexes v3",7279,5279,,AACAAGTACA,GGATATATCC,,2025-10-21T00:00:00+02:00,2025-10-22T00:00:00+02:00,2025-10-22T13:34:54+02:00
19701,"Florian Pauler",Hippenmeyer,Completed,Illumina,0,"NovaSeqX 10B XP flowcell PairedEnd 150 - single lane",1,,,-,"~40 yl of 11nM, library. Smart-Seq v3. PhiX requested to be 15%",287,2025-10-20T00:00:00+02:00,2025-10-21T00:00:00+02:00,2025-10-28T00:00:00+01:00,7,2025-10-28T12:45:42+01:00,3575,"Organoid PatchSeq",,131,12,2025-10-18T12:25:42+02:00,,Created,,1,2025-10-20T00:00:00+02:00,2025-10-20T13:54:55+02:00,"Florian Pauler",Hippenmeyer,27829,19701,1,Completed,1,15,0,qpcr,21714,287,no_spikeins,1,,None,Standard,,7,4,2025-10-28T12:45:42+01:00,,,,R19701_1,534009,Completed,19701,366714,1,1,0,7,4,0,,2025-10-28T12:45:15+01:00,,366714,Illumina,Ready,F11_SetC_Pl3,"Mus musculus",RNA-Seq,Cx,"single cell",M11-Emx1creER,,,,,"Florian Pauler",Hippenmeyer,none,"none Illumina",,100-700,200-1000,1,0,Standard,"IDT-ILMN Nextera DNA UD Indexes v3",7278,5278,,GTGGACAAGT,CCGTGGCCTT,,2025-10-21T00:00:00+02:00,2025-10-22T00:00:00+02:00,2025-10-22T13:34:54+02:00
19701,"Florian Pauler",Hippenmeyer,Completed,Illumina,0,"NovaSeqX 10B XP flowcell PairedEnd 150 - single lane",1,,,-,"~40 yl of 11nM, library. Smart-Seq v3. PhiX requested to be 15%",287,2025-10-20T00:00:00+02:00,2025-10-21T00:00:00+02:00,2025-10-28T00:00:00+01:00,7,2025-10-28T12:45:42+01:00,3575,"Organoid PatchSeq",,131,12,2025-10-18T12:25:42+02:00,,Created,,1,2025-10-20T00:00:00+02:00,2025-10-20T13:54:55+02:00,"Florian Pauler",Hippenmeyer,27829,19701,1,Completed,1,15,0,qpcr,21714,287,no_spikeins,1,,None,Standard,,7,4,2025-10-28T12:45:42+01:00,,,,R19701_1,534004,Completed,19701,366719,1,1,0,7,4,0,,2025-10-28T12:45:14+01:00,,366719,Illumina,Ready,C12_SetC_Pl3,"Mus musculus",RNA-Seq,Cx,"single cell",M11-Emx1creER,,,,,"Florian Pauler",Hippenmeyer,none,"none Illumina",,100-700,200-1000,1,0,Standard,"IDT-ILMN Nextera DNA UD Indexes v3",7283,5283,,CCTGACCACT,TCTTGGCTAT,,2025-10-21T00:00:00+02:00,2025-10-22T00:00:00+02:00,2025-10-22T13:34:53+02:00
19701,"Florian Pauler",Hippenmeyer,Completed,Illumina,0,"NovaSeqX 10B XP flowcell PairedEnd 150 - single lane",1,,,-,"~40 yl of 11nM, library. Smart-Seq v3. PhiX requested to be 15%",287,2025-10-20T00:00:00+02:00,2025-10-21T00:00:00+02:00,2025-10-28T00:00:00+01:00,7,2025-10-28T12:45:42+01:00,3575,"Organoid PatchSeq",,131,12,2025-10-18T12:25:42+02:00,,Created,,1,2025-10-20T00:00:00+02:00,2025-10-20T13:54:55+02:00,"Florian Pauler",Hippenmeyer,27829,19701,1,Completed,1,15,0,qpcr,21714,287,no_spikeins,1,,None,Standard,,7,4,2025-10-28T12:45:42+01:00,,,,R19701_1,534108,Completed,19701,366615,1,1,0,7,4,0,,2025-10-28T12:45:25+01:00,,366615,Illumina,Ready,C11_SetB_Pl2,"Mus musculus",RNA-Seq,Cx,"single cell",M11-Emx1creER,,,,,"Florian Pauler",Hippenmeyer,none,"none Illumina",,100-700,200-1000,1,0,Standard,"IDT-ILMN Nextera DNA UD Indexes v3",7179,5179,,CCGACCTGTC,TGCTCATAAC,,2025-10-21T00:00:00+02:00,2025-10-22T00:00:00+02:00,2025-10-22T13:35:11+02:00
19701,"Florian Pauler",Hippenmeyer,Completed,Illumina,0,"NovaSeqX 10B XP flowcell PairedEnd 150 - single lane",1,,,-,"~40 yl of 11nM, library. Smart-Seq v3. PhiX requested to be 15%",287,2025-10-20T00:00:00+02:00,2025-10-21T00:00:00+02:00,2025-10-28T00:00:00+01:00,7,2025-10-28T12:45:42+01:00,3575,"Organoid PatchSeq",,131,12,2025-10-18T12:25:42+02:00,,Created,,1,2025-10-20T00:00:00+02:00,2025-10-20T13:54:55+02:00,"Florian Pauler",Hippenmeyer,27829,19701,1,Completed,1,15,0,qpcr,21714,287,no_spikeins,1,,None,Standard,,7,4,2025-10-28T12:45:42+01:00,,,,R19701_1,534109,Completed,19701,366614,1,1,0,7,4,0,,2025-10-28T12:45:25+01:00,,366614,Illumina,Ready,B11_SetB_Pl2,"Mus musculus",RNA-Seq,Cx,"single cell",M11-Emx1creER,,,,,"Florian Pauler",Hippenmeyer,none,"none Illumina",,100-700,200-1000,1,0,Standard,"IDT-ILMN Nextera DNA UD Indexes v3",7178,5178,,GATCGTCGCG,CTGGATATGT,,2025-10-21T00:00:00+02:00,2025-10-22T00:00:00+02:00,2025-10-22T13:35:11+02:00
19701,"Florian Pauler",Hippenmeyer,Completed,Illumina,0,"NovaSeqX 10B XP flowcell PairedEnd 150 - single lane",1,,,-,"~40 yl of 11nM, library. Smart-Seq v3. PhiX requested to be 15%",287,2025-10-20T00:00:00+02:00,2025-10-21T00:00:00+02:00,2025-10-28T00:00:00+01:00,7,2025-10-28T12:45:42+01:00,3575,"Organoid PatchSeq",,131,12,2025-10-18T12:25:42+02:00,,Created,,1,2025-10-20T00:00:00+02:00,2025-10-20T13:54:55+02:00,"Florian Pauler",Hippenmeyer,27829,19701,1,Completed,1,15,0,qpcr,21714,287,no_spikeins,1,,None,Standard,,7,4,2025-10-28T12:45:42+01:00,,,,R19701_1,534140,Completed,19701,366583,1,1,0,7,4,0,,2025-10-28T12:45:28+01:00,,366583,Illumina,Ready,C7_SetB_Pl2,"Mus musculus",RNA-Seq,Cx,"single cell",M11-Emx1creER,,,,,"Florian Pauler",Hippenmeyer,none,"none Illumina",,100-700,200-1000,1,0,Standard,"IDT-ILMN Nextera DNA UD Indexes v3",7147,5147,,TCCACACAGA,TTGTCGGATG,,2025-10-21T00:00:00+02:00,2025-10-22T00:00:00+02:00,2025-10-22T13:35:24+02:00
19701,"Florian Pauler",Hippenmeyer,Completed,Illumina,0,"NovaSeqX 10B XP flowcell PairedEnd 150 - single lane",1,,,-,"~40 yl of 11nM, library. Smart-Seq v3. PhiX requested to be 15%",287,2025-10-20T00:00:00+02:00,2025-10-21T00:00:00+02:00,2025-10-28T00:00:00+01:00,7,2025-10-28T12:45:42+01:00,3575,"Organoid PatchSeq",,131,12,2025-10-18T12:25:42+02:00,,Created,,1,2025-10-20T00:00:00+02:00,2025-10-20T13:54:55+02:00,"Florian Pauler",Hippenmeyer,27829,19701,1,Completed,1,15,0,qpcr,21714,287,no_spikeins,1,,None,Standard,,7,4,2025-10-28T12:45:42+01:00,,,,R19701_1,534141,Completed,19701,366582,1,1,0,7,4,0,,2025-10-28T12:45:28+01:00,,366582,Illumina,Ready,B7_SetB_Pl2,"Mus musculus",RNA-Seq,Cx,"single cell",M11-Emx1creER,,,,,"Florian Pauler",Hippenmeyer,none,"none Illumina",,100-700,200-1000,1,0,Standard,"IDT-ILMN Nextera DNA UD Indexes v3",7146,5146,,ACAGCGACCA,CAGGAGCTCT,,2025-10-21T00:00:00+02:00,2025-10-22T00:00:00+02:00,2025-10-22T13:35:24+02:00
19701,"Florian Pauler",Hippenmeyer,Completed,Illumina,0,"NovaSeqX 10B XP flowcell PairedEnd 150 - single lane",1,,,-,"~40 yl of 11nM, library. Smart-Seq v3. PhiX requested to be 15%",287,2025-10-20T00:00:00+02:00,2025-10-21T00:00:00+02:00,2025-10-28T00:00:00+01:00,7,2025-10-28T12:45:42+01:00,3575,"Organoid PatchSeq",,131,12,2025-10-18T12:25:42+02:00,,Created,,1,2025-10-20T00:00:00+02:00,2025-10-20T13:54:55+02:00,"Florian Pauler",Hippenmeyer,27829,19701,1,Completed,1,15,0,qpcr,21714,287,no_spikeins,1,,None,Standard,,7,4,2025-10-28T12:45:42+01:00,,,,R19701_1,534205,Completed,19701,366518,1,1,0,7,4,0,,2025-10-28T12:45:34+01:00,,366518,Illumina,Ready,B11_SetA_Pl1,"Mus musculus",RNA-Seq,Cx,"single cell",M11-Emx1creER,,,,,"Florian Pauler",Hippenmeyer,none,"none Illumina",,100-700,200-1000,1,0,Standard,"IDT-ILMN Nextera DNA UD Indexes v3",7082,5082,,ACCGTTACAA,CTCATAGCGA,,2025-10-21T00:00:00+02:00,2025-10-22T00:00:00+02:00,2025-10-22T13:35:35+02:00
19701,"Florian Pauler",Hippenmeyer,Completed,Illumina,0,"NovaSeqX 10B XP flowcell PairedEnd 150 - single lane",1,,,-,"~40 yl of 11nM, library. Smart-Seq v3. PhiX requested to be 15%",287,2025-10-20T00:00:00+02:00,2025-10-21T00:00:00+02:00,2025-10-28T00:00:00+01:00,7,2025-10-28T12:45:42+01:00,3575,"Organoid PatchSeq",,131,12,2025-10-18T12:25:42+02:00,,Created,,1,2025-10-20T00:00:00+02:00,2025-10-20T13:54:55+02:00,"Florian Pauler",Hippenmeyer,27829,19701,1,Completed,1,15,0,qpcr,21714,287,no_spikeins,1,,None,Standard,,7,4,2025-10-28T12:45:42+01:00,,,,R19701_1,534214,Completed,19701,366509,1,1,0,7,4,0,,2025-10-28T12:45:35+01:00,,366509,Illumina,Ready,A10_SetA_Pl1,"Mus musculus",RNA-Seq,Cx,"single cell",M11-Emx1creER,,,,,"Florian Pauler",Hippenmeyer,none,"none Illumina",,100-700,200-1000,1,0,Standard,"IDT-ILMN Nextera DNA UD Indexes v3",7073,5073,,TCTCATGATA,AACACGTGGA,,2025-10-21T00:00:00+02:00,2025-10-22T00:00:00+02:00,2025-10-22T13:35:36+02:00
19701,"Florian Pauler",Hippenmeyer,Completed,Illumina,0,"NovaSeqX 10B XP flowcell PairedEnd 150 - single lane",1,,,-,"~40 yl of 11nM, library. Smart-Seq v3. PhiX requested to be 15%",287,2025-10-20T00:00:00+02:00,2025-10-21T00:00:00+02:00,2025-10-28T00:00:00+01:00,7,2025-10-28T12:45:42+01:00,3575,"Organoid PatchSeq",,131,12,2025-10-18T12:25:42+02:00,,Created,,1,2025-10-20T00:00:00+02:00,2025-10-20T13:54:55+02:00,"Florian Pauler",Hippenmeyer,27829,19701,1,Completed,1,15,0,qpcr,21714,287,no_spikeins,1,,None,Standard,,7,4,2025-10-28T12:45:42+01:00,,,,R19701_1,534284,Completed,19701,366439,1,1,0,7,4,0,,2025-10-28T12:45:42+01:00,,366439,Illumina,Ready,C1_SetA_Pl1,"Mus musculus",RNA-Seq,Cx,"single cell",M11-Emx1creER,,,,,"Florian Pauler",Hippenmeyer,none,"none Illumina",,100-700,200-1000,1,0,Standard,"IDT-ILMN Nextera DNA UD Indexes v3",7003,5003,,CGACATCCGA,TACGTTCATT,,2025-10-21T00:00:00+02:00,2025-10-22T00:00:00+02:00,2025-10-22T13:35:21+02:00
19701,"Florian Pauler",Hippenmeyer,Completed,Illumina,0,"NovaSeqX 10B XP flowcell PairedEnd 150 - single lane",1,,,-,"~40 yl of 11nM, library. Smart-Seq v3. PhiX requested to be 15%",287,2025-10-20T00:00:00+02:00,2025-10-21T00:00:00+02:00,2025-10-28T00:00:00+01:00,7,2025-10-28T12:45:42+01:00,3575,"Organoid PatchSeq",,131,12,2025-10-18T12:25:42+02:00,,Created,,1,2025-10-20T00:00:00+02:00,2025-10-20T13:54:55+02:00,"Florian Pauler",Hippenmeyer,27829,19701,1,Completed,1,15,0,qpcr,21714,287,no_spikeins,1,,None,Standard,,7,4,2025-10-28T12:45:42+01:00,,,,R19701_1,534285,Completed,19701,366438,1,1,0,7,4,0,,2025-10-28T12:45:42+01:00,,366438,Illumina,Ready,B1_SetA_Pl1,"Mus musculus",RNA-Seq,Cx,"single cell",M11-Emx1creER,,,,,"Florian Pauler",Hippenmeyer,none,"none Illumina",,100-700,200-1000,1,0,Standard,"IDT-ILMN Nextera DNA UD Indexes v3",7002,5002,,AGGTCAGATA,CTACAAGATA,,2025-10-21T00:00:00+02:00,2025-10-22T00:00:00+02:00,2025-10-22T13:35:21+02:00
19701,"Florian Pauler",Hippenmeyer,Completed,Illumina,0,"NovaSeqX 10B XP flowcell PairedEnd 150 - single lane",1,,,-,"~40 yl of 11nM, library. Smart-Seq v3. PhiX requested to be 15%",287,2025-10-20T00:00:00+02:00,2025-10-21T00:00:00+02:00,2025-10-28T00:00:00+01:00,7,2025-10-28T12:45:42+01:00,3575,"Organoid PatchSeq",,131,12,2025-10-18T12:25:42+02:00,,Created,,1,2025-10-20T00:00:00+02:00,2025-10-20T13:54:55+02:00,"Florian Pauler",Hippenmeyer,27829,19701,1,Completed,1,15,0,qpcr,21714,287,no_spikeins,1,,None,Standard,,7,4,2025-10-28T12:45:42+01:00,,,,R19701_1,534286,Completed,19701,366437,1,1,0,7,4,0,,2025-10-28T12:45:42+01:00,,366437,Illumina,Ready,A1_SetA_Pl1,"Mus musculus",RNA-Seq,Cx,"single cell",M11-Emx1creER,,,,,"Florian Pauler",Hippenmeyer,none,"none Illumina",,100-700,200-1000,1,0,Standard,"IDT-ILMN Nextera DNA UD Indexes v3",7001,5001,,GAACTGAGCG,TCGTGGAGCG,,2025-10-21T00:00:00+02:00,2025-10-22T00:00:00+02:00,2025-10-22T13:35:22+02:00
19701,"Florian Pauler",Hippenmeyer,Completed,Illumina,0,"NovaSeqX 10B XP flowcell PairedEnd 150 - single lane",1,,,-,"~40 yl of 11nM, library. Smart-Seq v3. PhiX requested to be 15%",287,2025-10-20T00:00:00+02:00,2025-10-21T00:00:00+02:00,2025-10-28T00:00:00+01:00,7,2025-10-28T12:45:42+01:00,3575,"Organoid PatchSeq",,131,12,2025-10-18T12:25:42+02:00,,Created,,1,2025-10-20T00:00:00+02:00,2025-10-20T13:54:55+02:00,"Florian Pauler",Hippenmeyer,27829,19701,1,Completed,1,15,0,qpcr,21714,287,no_spikeins,1,,None,Standard,,7,4,2025-10-28T12:45:42+01:00,,,,R19701_1,534005,Completed,19701,366718,1,1,0,7,4,0,,2025-10-28T12:45:14+01:00,,366718,Illumina,Ready,B12_SetC_Pl3,"Mus musculus",RNA-Seq,Cx,"single cell",M11-Emx1creER,,,,,"Florian Pauler",Hippenmeyer,none,"none Illumina",,100-700,200-1000,1,0,Standard,"IDT-ILMN Nextera DNA UD Indexes v3",7282,5282,,AGAATTCGCC,CGGCAAGCTC,,2025-10-21T00:00:00+02:00,2025-10-22T00:00:00+02:00,2025-10-22T13:34:53+02:00
19701,"Florian Pauler",Hippenmeyer,Completed,Illumina,0,"NovaSeqX 10B XP flowcell PairedEnd 150 - single lane",1,,,-,"~40 yl of 11nM, library. Smart-Seq v3. PhiX requested to be 15%",287,2025-10-20T00:00:00+02:00,2025-10-21T00:00:00+02:00,2025-10-28T00:00:00+01:00,7,2025-10-28T12:45:42+01:00,3575,"Organoid PatchSeq",,131,12,2025-10-18T12:25:42+02:00,,Created,,1,2025-10-20T00:00:00+02:00,2025-10-20T13:54:55+02:00,"Florian Pauler",Hippenmeyer,27829,19701,1,Completed,1,15,0,qpcr,21714,287,no_spikeins,1,,None,Standard,,7,4,2025-10-28T12:45:42+01:00,,,,R19701_1,534010,Completed,19701,366713,1,1,0,7,4,0,,2025-10-28T12:45:15+01:00,,366713,Illumina,Ready,E11_SetC_Pl3,"Mus musculus",RNA-Seq,Cx,"single cell",M11-Emx1creER,,,,,"Florian Pauler",Hippenmeyer,none,"none Illumina",,100-700,200-1000,1,0,Standard,"IDT-ILMN Nextera DNA UD Indexes v3",7277,5277,,CGATCTGTGA,TAGGAAGACT,,2025-10-21T00:00:00+02:00,2025-10-22T00:00:00+02:00,2025-10-22T13:34:54+02:00
19701,"Florian Pauler",Hippenmeyer,Completed,Illumina,0,"NovaSeqX 10B XP flowcell PairedEnd 150 - single lane",1,,,-,"~40 yl of 11nM, library. Smart-Seq v3. PhiX requested to be 15%",287,2025-10-20T00:00:00+02:00,2025-10-21T00:00:00+02:00,2025-10-28T00:00:00+01:00,7,2025-10-28T12:45:42+01:00,3575,"Organoid PatchSeq",,131,12,2025-10-18T12:25:42+02:00,,Created,,1,2025-10-20T00:00:00+02:00,2025-10-20T13:54:55+02:00,"Florian Pauler",Hippenmeyer,27829,19701,1,Completed,1,15,0,qpcr,21714,287,no_spikeins,1,,None,Standard,,7,4,2025-10-28T12:45:42+01:00,,,,R19701_1,534017,Completed,19701,366706,1,1,0,7,4,0,,2025-10-28T12:45:15+01:00,,366706,Illumina,Ready,F10_SetC_Pl3,"Mus musculus",RNA-Seq,Cx,"single cell",M11-Emx1creER,,,,,"Florian Pauler",Hippenmeyer,none,"none Illumina",,100-700,200-1000,1,0,Standard,"IDT-ILMN Nextera DNA UD Indexes v3",7270,5270,,AACTTATCCT,GTACTGGCGT,,2025-10-21T00:00:00+02:00,2025-10-22T00:00:00+02:00,2025-10-22T13:34:56+02:00
19701,"Florian Pauler",Hippenmeyer,Completed,Illumina,0,"NovaSeqX 10B XP flowcell PairedEnd 150 - single lane",1,,,-,"~40 yl of 11nM, library. Smart-Seq v3. PhiX requested to be 15%",287,2025-10-20T00:00:00+02:00,2025-10-21T00:00:00+02:00,2025-10-28T00:00:00+01:00,7,2025-10-28T12:45:42+01:00,3575,"Organoid PatchSeq",,131,12,2025-10-18T12:25:42+02:00,,Created,,1,2025-10-20T00:00:00+02:00,2025-10-20T13:54:55+02:00,"Florian Pauler",Hippenmeyer,27829,19701,1,Completed,1,15,0,qpcr,21714,287,no_spikeins,1,,None,Standard,,7,4,2025-10-28T12:45:42+01:00,,,,R19701_1,534018,Completed,19701,366705,1,1,0,7,4,0,,2025-10-28T12:45:16+01:00,,366705,Illumina,Ready,E10_SetC_Pl3,"Mus musculus",RNA-Seq,Cx,"single cell",M11-Emx1creER,,,,,"Florian Pauler",Hippenmeyer,none,"none Illumina",,100-700,200-1000,1,0,Standard,"IDT-ILMN Nextera DNA UD Indexes v3",7269,5269,,GTAGGCGAGC,TAGGAGCGCA,,2025-10-21T00:00:00+02:00,2025-10-22T00:00:00+02:00,2025-10-22T13:34:56+02:00
19701,"Florian Pauler",Hippenmeyer,Completed,Illumina,0,"NovaSeqX 10B XP flowcell PairedEnd 150 - single lane",1,,,-,"~40 yl of 11nM, library. Smart-Seq v3. PhiX requested to be 15%",287,2025-10-20T00:00:00+02:00,2025-10-21T00:00:00+02:00,2025-10-28T00:00:00+01:00,7,2025-10-28T12:45:42+01:00,3575,"Organoid PatchSeq",,131,12,2025-10-18T12:25:42+02:00,,Created,,1,2025-10-20T00:00:00+02:00,2025-10-20T13:54:55+02:00,"Florian Pauler",Hippenmeyer,27829,19701,1,Completed,1,15,0,qpcr,21714,287,no_spikeins,1,,None,Standard,,7,4,2025-10-28T12:45:42+01:00,,,,R19701_1,534070,Completed,19701,366653,1,1,0,7,4,0,,2025-10-28T12:45:21+01:00,,366653,Illumina,Ready,A4_SetC_Pl3,"Mus musculus",RNA-Seq,Cx,"single cell",M11-Emx1creER,,,,,"Florian Pauler",Hippenmeyer,none,"none Illumina",,100-700,200-1000,1,0,Standard,"IDT-ILMN Nextera DNA UD Indexes v3",7217,5217,,CACTATCAAC,TCAGTTAATG,,2025-10-21T00:00:00+02:00,2025-10-22T00:00:00+02:00,2025-10-22T13:35:05+02:00
19701,"Florian Pauler",Hippenmeyer,Completed,Illumina,0,"NovaSeqX 10B XP flowcell PairedEnd 150 - single lane",1,,,-,"~40 yl of 11nM, library. Smart-Seq v3. PhiX requested to be 15%",287,2025-10-20T00:00:00+02:00,2025-10-21T00:00:00+02:00,2025-10-28T00:00:00+01:00,7,2025-10-28T12:45:42+01:00,3575,"Organoid PatchSeq",,131,12,2025-10-18T12:25:42+02:00,,Created,,1,2025-10-20T00:00:00+02:00,2025-10-20T13:54:55+02:00,"Florian Pauler",Hippenmeyer,27829,19701,1,Completed,1,15,0,qpcr,21714,287,no_spikeins,1,,None,Standard,,7,4,2025-10-28T12:45:42+01:00,,,,R19701_1,534156,Completed,19701,366567,1,1,0,7,4,0,,2025-10-28T12:45:29+01:00,,366567,Illumina,Ready,C5_SetB_Pl2,"Mus musculus",RNA-Seq,Cx,"single cell",M11-Emx1creER,,,,,"Florian Pauler",Hippenmeyer,none,"none Illumina",,100-700,200-1000,1,0,Standard,"IDT-ILMN Nextera DNA UD Indexes v3",7131,5131,,TTCGGTGTGA,GAACAAGTAT,,2025-10-21T00:00:00+02:00,2025-10-22T00:00:00+02:00,2025-10-22T13:35:27+02:00
19701,"Florian Pauler",Hippenmeyer,Completed,Illumina,0,"NovaSeqX 10B XP flowcell PairedEnd 150 - single lane",1,,,-,"~40 yl of 11nM, library. Smart-Seq v3. PhiX requested to be 15%",287,2025-10-20T00:00:00+02:00,2025-10-21T00:00:00+02:00,2025-10-28T00:00:00+01:00,7,2025-10-28T12:45:42+01:00,3575,"Organoid PatchSeq",,131,12,2025-10-18T12:25:42+02:00,,Created,,1,2025-10-20T00:00:00+02:00,2025-10-20T13:54:55+02:00,"Florian Pauler",Hippenmeyer,27829,19701,1,Completed,1,15,0,qpcr,21714,287,no_spikeins,1,,None,Standard,,7,4,2025-10-28T12:45:42+01:00,,,,R19701_1,534276,Completed,19701,366447,1,1,0,7,4,0,,2025-10-28T12:45:41+01:00,,366447,Illumina,Ready,C2_SetA_Pl1,"Mus musculus",RNA-Seq,Cx,"single cell",M11-Emx1creER,,,,,"Florian Pauler",Hippenmeyer,none,"none Illumina",,100-700,200-1000,1,0,Standard,"IDT-ILMN Nextera DNA UD Indexes v3",7011,5011,,CCGTATGTTC,CATACACTGT,,2025-10-21T00:00:00+02:00,2025-10-22T00:00:00+02:00,2025-10-22T13:35:19+02:00
19701,"Florian Pauler",Hippenmeyer,Completed,Illumina,0,"NovaSeqX 10B XP flowcell PairedEnd 150 - single lane",1,,,-,"~40 yl of 11nM, library. Smart-Seq v3. PhiX requested to be 15%",287,2025-10-20T00:00:00+02:00,2025-10-21T00:00:00+02:00,2025-10-28T00:00:00+01:00,7,2025-10-28T12:45:42+01:00,3575,"Organoid PatchSeq",,131,12,2025-10-18T12:25:42+02:00,,Created,,1,2025-10-20T00:00:00+02:00,2025-10-20T13:54:55+02:00,"Florian Pauler",Hippenmeyer,27829,19701,1,Completed,1,15,0,qpcr,21714,287,no_spikeins,1,,None,Standard,,7,4,2025-10-28T12:45:42+01:00,,,,R19701_1,534011,Completed,19701,366712,1,1,0,7,4,0,,2025-10-28T12:45:15+01:00,,366712,Illumina,Ready,D11_SetC_Pl3,"Mus musculus",RNA-Seq,Cx,"single cell",M11-Emx1creER,,,,,"Florian Pauler",Hippenmeyer,none,"none Illumina",,100-700,200-1000,1,0,Standard,"IDT-ILMN Nextera DNA UD Indexes v3",7276,5276,,CTTCCTAGGA,CCTAGAGTAT,,2025-10-21T00:00:00+02:00,2025-10-22T00:00:00+02:00,2025-10-22T13:34:54+02:00
19701,"Florian Pauler",Hippenmeyer,Completed,Illumina,0,"NovaSeqX 10B XP flowcell PairedEnd 150 - single lane",1,,,-,"~40 yl of 11nM, library. Smart-Seq v3. PhiX requested to be 15%",287,2025-10-20T00:00:00+02:00,2025-10-21T00:00:00+02:00,2025-10-28T00:00:00+01:00,7,2025-10-28T12:45:42+01:00,3575,"Organoid PatchSeq",,131,12,2025-10-18T12:25:42+02:00,,Created,,1,2025-10-20T00:00:00+02:00,2025-10-20T13:54:55+02:00,"Florian Pauler",Hippenmeyer,27829,19701,1,Completed,1,15,0,qpcr,21714,287,no_spikeins,1,,None,Standard,,7,4,2025-10-28T12:45:42+01:00,,,,R19701_1,534182,Completed,19701,366541,1,1,0,7,4,0,,2025-10-28T12:45:32+01:00,,366541,Illumina,Ready,A2_SetB_Pl2,"Mus musculus",RNA-Seq,Cx,"single cell",M11-Emx1creER,,,,,"Florian Pauler",Hippenmeyer,none,"none Illumina",,100-700,200-1000,1,0,Standard,"IDT-ILMN Nextera DNA UD Indexes v3",7105,5105,,CAGCAATCGT,TGTGATGTAT,,2025-10-21T00:00:00+02:00,2025-10-22T00:00:00+02:00,2025-10-22T13:35:31+02:00
19701,"Florian Pauler",Hippenmeyer,Completed,Illumina,0,"NovaSeqX 10B XP flowcell PairedEnd 150 - single lane",1,,,-,"~40 yl of 11nM, library. Smart-Seq v3. PhiX requested to be 15%",287,2025-10-20T00:00:00+02:00,2025-10-21T00:00:00+02:00,2025-10-28T00:00:00+01:00,7,2025-10-28T12:45:42+01:00,3575,"Organoid PatchSeq",,131,12,2025-10-18T12:25:42+02:00,,Created,,1,2025-10-20T00:00:00+02:00,2025-10-20T13:54:55+02:00,"Florian Pauler",Hippenmeyer,27829,19701,1,Completed,1,15,0,qpcr,21714,287,no_spikeins,1,,None,Standard,,7,4,2025-10-28T12:45:42+01:00,,,,R19701_1,534181,Completed,19701,366542,1,1,0,7,4,0,,2025-10-28T12:45:32+01:00,,366542,Illumina,Ready,B2_SetB_Pl2,"Mus musculus",RNA-Seq,Cx,"single cell",M11-Emx1creER,,,,,"Florian Pauler",Hippenmeyer,none,"none Illumina",,100-700,200-1000,1,0,Standard,"IDT-ILMN Nextera DNA UD Indexes v3",7106,5106,,TTCTGTAGAA,GAGCGCAATA,,2025-10-21T00:00:00+02:00,2025-10-22T00:00:00+02:00,2025-10-22T13:35:31+02:00
19701,"Florian Pauler",Hippenmeyer,Completed,Illumina,0,"NovaSeqX 10B XP flowcell PairedEnd 150 - single lane",1,,,-,"~40 yl of 11nM, library. Smart-Seq v3. PhiX requested to be 15%",287,2025-10-20T00:00:00+02:00,2025-10-21T00:00:00+02:00,2025-10-28T00:00:00+01:00,7,2025-10-28T12:45:42+01:00,3575,"Organoid PatchSeq",,131,12,2025-10-18T12:25:42+02:00,,Created,,1,2025-10-20T00:00:00+02:00,2025-10-20T13:54:55+02:00,"Florian Pauler",Hippenmeyer,27829,19701,1,Completed,1,15,0,qpcr,21714,287,no_spikeins,1,,None,Standard,,7,4,2025-10-28T12:45:42+01:00,,,,R19701_1,534020,Completed,19701,366703,1,1,0,7,4,0,,2025-10-28T12:45:16+01:00,,366703,Illumina,Ready,C10_SetC_Pl3,"Mus musculus",RNA-Seq,Cx,"single cell",M11-Emx1creER,,,,,"Florian Pauler",Hippenmeyer,none,"none Illumina",,100-700,200-1000,1,0,Standard,"IDT-ILMN Nextera DNA UD Indexes v3",7267,5267,,GAGGAGCTTC,GACGTATACA,,2025-10-21T00:00:00+02:00,2025-10-22T00:00:00+02:00,2025-10-22T13:34:56+02:00
19701,"Florian Pauler",Hippenmeyer,Completed,Illumina,0,"NovaSeqX 10B XP flowcell PairedEnd 150 - single lane",1,,,-,"~40 yl of 11nM, library. Smart-Seq v3. PhiX requested to be 15%",287,2025-10-20T00:00:00+02:00,2025-10-21T00:00:00+02:00,2025-10-28T00:00:00+01:00,7,2025-10-28T12:45:42+01:00,3575,"Organoid PatchSeq",,131,12,2025-10-18T12:25:42+02:00,,Created,,1,2025-10-20T00:00:00+02:00,2025-10-20T13:54:55+02:00,"Florian Pauler",Hippenmeyer,27829,19701,1,Completed,1,15,0,qpcr,21714,287,no_spikeins,1,,None,Standard,,7,4,2025-10-28T12:45:42+01:00,,,,R19701_1,534021,Completed,19701,366702,1,1,0,7,4,0,,2025-10-28T12:45:16+01:00,,366702,Illumina,Ready,B10_SetC_Pl3,"Mus musculus",RNA-Seq,Cx,"single cell",M11-Emx1creER,,,,,"Florian Pauler",Hippenmeyer,none,"none Illumina",,100-700,200-1000,1,0,Standard,"IDT-ILMN Nextera DNA UD Indexes v3",7266,5266,,AGTGTCTAGG,CCTAGAAGCA,,2025-10-21T00:00:00+02:00,2025-10-22T00:00:00+02:00,2025-10-22T13:34:56+02:00
19701,"Florian Pauler",Hippenmeyer,Completed,Illumina,0,"NovaSeqX 10B XP flowcell PairedEnd 150 - single lane",1,,,-,"~40 yl of 11nM, library. Smart-Seq v3. PhiX requested to be 15%",287,2025-10-20T00:00:00+02:00,2025-10-21T00:00:00+02:00,2025-10-28T00:00:00+01:00,7,2025-10-28T12:45:42+01:00,3575,"Organoid PatchSeq",,131,12,2025-10-18T12:25:42+02:00,,Created,,1,2025-10-20T00:00:00+02:00,2025-10-20T13:54:55+02:00,"Florian Pauler",Hippenmeyer,27829,19701,1,Completed,1,15,0,qpcr,21714,287,no_spikeins,1,,None,Standard,,7,4,2025-10-28T12:45:42+01:00,,,,R19701_1,534012,Completed,19701,366711,1,1,0,7,4,0,,2025-10-28T12:45:15+01:00,,366711,Illumina,Ready,C11_SetC_Pl3,"Mus musculus",RNA-Seq,Cx,"single cell",M11-Emx1creER,,,,,"Florian Pauler",Hippenmeyer,none,"none Illumina",,100-700,200-1000,1,0,Standard,"IDT-ILMN Nextera DNA UD Indexes v3",7275,5275,,AGCTAAGCGG,ATTAATACGC,,2025-10-21T00:00:00+02:00,2025-10-22T00:00:00+02:00,2025-10-22T13:34:55+02:00
19701,"Florian Pauler",Hippenmeyer,Completed,Illumina,0,"NovaSeqX 10B XP flowcell PairedEnd 150 - single lane",1,,,-,"~40 yl of 11nM, library. Smart-Seq v3. PhiX requested to be 15%",287,2025-10-20T00:00:00+02:00,2025-10-21T00:00:00+02:00,2025-10-28T00:00:00+01:00,7,2025-10-28T12:45:42+01:00,3575,"Organoid PatchSeq",,131,12,2025-10-18T12:25:42+02:00,,Created,,1,2025-10-20T00:00:00+02:00,2025-10-20T13:54:55+02:00,"Florian Pauler",Hippenmeyer,27829,19701,1,Completed,1,15,0,qpcr,21714,287,no_spikeins,1,,None,Standard,,7,4,2025-10-28T12:45:42+01:00,,,,R19701_1,534013,Completed,19701,366710,1,1,0,7,4,0,,2025-10-28T12:45:15+01:00,,366710,Illumina,Ready,B11_SetC_Pl3,"Mus musculus",RNA-Seq,Cx,"single cell",M11-Emx1creER,,,,,"Florian Pauler",Hippenmeyer,none,"none Illumina",,100-700,200-1000,1,0,Standard,"IDT-ILMN Nextera DNA UD Indexes v3",7274,5274,,GAGGCCTATT,CTAGTCCGGA,,2025-10-21T00:00:00+02:00,2025-10-22T00:00:00+02:00,2025-10-22T13:34:55+02:00
19701,"Florian Pauler",Hippenmeyer,Completed,Illumina,0,"NovaSeqX 10B XP flowcell PairedEnd 150 - single lane",1,,,-,"~40 yl of 11nM, library. Smart-Seq v3. PhiX requested to be 15%",287,2025-10-20T00:00:00+02:00,2025-10-21T00:00:00+02:00,2025-10-28T00:00:00+01:00,7,2025-10-28T12:45:42+01:00,3575,"Organoid PatchSeq",,131,12,2025-10-18T12:25:42+02:00,,Created,,1,2025-10-20T00:00:00+02:00,2025-10-20T13:54:55+02:00,"Florian Pauler",Hippenmeyer,27829,19701,1,Completed,1,15,0,qpcr,21714,287,no_spikeins,1,,None,Standard,,7,4,2025-10-28T12:45:42+01:00,,,,R19701_1,534014,Completed,19701,366709,1,1,0,7,4,0,,2025-10-28T12:45:15+01:00,,366709,Illumina,Ready,A11_SetC_Pl3,"Mus musculus",RNA-Seq,Cx,"single cell",M11-Emx1creER,,,,,"Florian Pauler",Hippenmeyer,none,"none Illumina",,100-700,200-1000,1,0,Standard,"IDT-ILMN Nextera DNA UD Indexes v3",7273,5273,,CCAATGATAC,GAGTGTGCCG,,2025-10-21T00:00:00+02:00,2025-10-22T00:00:00+02:00,2025-10-22T13:34:55+02:00
19701,"Florian Pauler",Hippenmeyer,Completed,Illumina,0,"NovaSeqX 10B XP flowcell PairedEnd 150 - single lane",1,,,-,"~40 yl of 11nM, library. Smart-Seq v3. PhiX requested to be 15%",287,2025-10-20T00:00:00+02:00,2025-10-21T00:00:00+02:00,2025-10-28T00:00:00+01:00,7,2025-10-28T12:45:42+01:00,3575,"Organoid PatchSeq",,131,12,2025-10-18T12:25:42+02:00,,Created,,1,2025-10-20T00:00:00+02:00,2025-10-20T13:54:55+02:00,"Florian Pauler",Hippenmeyer,27829,19701,1,Completed,1,15,0,qpcr,21714,287,no_spikeins,1,,None,Standard,,7,4,2025-10-28T12:45:42+01:00,,,,R19701_1,534015,Completed,19701,366708,1,1,0,7,4,0,,2025-10-28T12:45:15+01:00,,366708,Illumina,Ready,H10_SetC_Pl3,"Mus musculus",RNA-Seq,Cx,"single cell",M11-Emx1creER,,,,,"Florian Pauler",Hippenmeyer,none,"none Illumina",,100-700,200-1000,1,0,Standard,"IDT-ILMN Nextera DNA UD Indexes v3",7272,5272,,TATAACAGCT,TCGCGTATAA,,2025-10-21T00:00:00+02:00,2025-10-22T00:00:00+02:00,2025-10-22T13:34:55+02:00
19701,"Florian Pauler",Hippenmeyer,Completed,Illumina,0,"NovaSeqX 10B XP flowcell PairedEnd 150 - single lane",1,,,-,"~40 yl of 11nM, library. Smart-Seq v3. PhiX requested to be 15%",287,2025-10-20T00:00:00+02:00,2025-10-21T00:00:00+02:00,2025-10-28T00:00:00+01:00,7,2025-10-28T12:45:42+01:00,3575,"Organoid PatchSeq",,131,12,2025-10-18T12:25:42+02:00,,Created,,1,2025-10-20T00:00:00+02:00,2025-10-20T13:54:55+02:00,"Florian Pauler",Hippenmeyer,27829,19701,1,Completed,1,15,0,qpcr,21714,287,no_spikeins,1,,None,Standard,,7,4,2025-10-28T12:45:42+01:00,,,,R19701_1,534016,Completed,19701,366707,1,1,0,7,4,0,,2025-10-28T12:45:15+01:00,,366707,Illumina,Ready,G10_SetC_Pl3,"Mus musculus",RNA-Seq,Cx,"single cell",M11-Emx1creER,,,,,"Florian Pauler",Hippenmeyer,none,"none Illumina",,100-700,200-1000,1,0,Standard,"IDT-ILMN Nextera DNA UD Indexes v3",7271,5271,,ATTATGTCTC,AGTTAAGAGC,,2025-10-21T00:00:00+02:00,2025-10-22T00:00:00+02:00,2025-10-22T13:34:55+02:00
19701,"Florian Pauler",Hippenmeyer,Completed,Illumina,0,"NovaSeqX 10B XP flowcell PairedEnd 150 - single lane",1,,,-,"~40 yl of 11nM, library. Smart-Seq v3. PhiX requested to be 15%",287,2025-10-20T00:00:00+02:00,2025-10-21T00:00:00+02:00,2025-10-28T00:00:00+01:00,7,2025-10-28T12:45:42+01:00,3575,"Organoid PatchSeq",,131,12,2025-10-18T12:25:42+02:00,,Created,,1,2025-10-20T00:00:00+02:00,2025-10-20T13:54:55+02:00,"Florian Pauler",Hippenmeyer,27829,19701,1,Completed,1,15,0,qpcr,21714,287,no_spikeins,1,,None,Standard,,7,4,2025-10-28T12:45:42+01:00,,,,R19701_1,534019,Completed,19701,366704,1,1,0,7,4,0,,2025-10-28T12:45:16+01:00,,366704,Illumina,Ready,D10_SetC_Pl3,"Mus musculus",RNA-Seq,Cx,"single cell",M11-Emx1creER,,,,,"Florian Pauler",Hippenmeyer,none,"none Illumina",,100-700,200-1000,1,0,Standard,"IDT-ILMN Nextera DNA UD Indexes v3",7268,5268,,TCATCTACTA,TAGGCGACTT,,2025-10-21T00:00:00+02:00,2025-10-22T00:00:00+02:00,2025-10-22T13:34:56+02:00
19701,"Florian Pauler",Hippenmeyer,Completed,Illumina,0,"NovaSeqX 10B XP flowcell PairedEnd 150 - single lane",1,,,-,"~40 yl of 11nM, library. Smart-Seq v3. PhiX requested to be 15%",287,2025-10-20T00:00:00+02:00,2025-10-21T00:00:00+02:00,2025-10-28T00:00:00+01:00,7,2025-10-28T12:45:42+01:00,3575,"Organoid PatchSeq",,131,12,2025-10-18T12:25:42+02:00,,Created,,1,2025-10-20T00:00:00+02:00,2025-10-20T13:54:55+02:00,"Florian Pauler",Hippenmeyer,27829,19701,1,Completed,1,15,0,qpcr,21714,287,no_spikeins,1,,None,Standard,,7,4,2025-10-28T12:45:42+01:00,,,,R19701_1,534213,Completed,19701,366510,1,1,0,7,4,0,,2025-10-28T12:45:35+01:00,,366510,Illumina,Ready,B10_SetA_Pl1,"Mus musculus",RNA-Seq,Cx,"single cell",M11-Emx1creER,,,,,"Florian Pauler",Hippenmeyer,none,"none Illumina",,100-700,200-1000,1,0,Standard,"IDT-ILMN Nextera DNA UD Indexes v3",7074,5074,,CGAGGCCAAG,GTGTTACCGG,,2025-10-21T00:00:00+02:00,2025-10-22T00:00:00+02:00,2025-10-22T13:35:36+02:00
19701,"Florian Pauler",Hippenmeyer,Completed,Illumina,0,"NovaSeqX 10B XP flowcell PairedEnd 150 - single lane",1,,,-,"~40 yl of 11nM, library. Smart-Seq v3. PhiX requested to be 15%",287,2025-10-20T00:00:00+02:00,2025-10-21T00:00:00+02:00,2025-10-28T00:00:00+01:00,7,2025-10-28T12:45:42+01:00,3575,"Organoid PatchSeq",,131,12,2025-10-18T12:25:42+02:00,,Created,,1,2025-10-20T00:00:00+02:00,2025-10-20T13:54:55+02:00,"Florian Pauler",Hippenmeyer,27829,19701,1,Completed,1,15,0,qpcr,21714,287,no_spikeins,1,,None,Standard,,7,4,2025-10-28T12:45:42+01:00,,,,R19701_1,534215,Completed,19701,366508,1,1,0,7,4,0,,2025-10-28T12:45:35+01:00,,366508,Illumina,Ready,H9_SetA_Pl1,"Mus musculus",RNA-Seq,Cx,"single cell",M11-Emx1creER,,,,,"Florian Pauler",Hippenmeyer,none,"none Illumina",,100-700,200-1000,1,0,Standard,"IDT-ILMN Nextera DNA UD Indexes v3",7072,5072,,TACGAGTCCA,TAGCGAAGCA,,2025-10-21T00:00:00+02:00,2025-10-22T00:00:00+02:00,2025-10-22T13:35:37+02:00
19701,"Florian Pauler",Hippenmeyer,Completed,Illumina,0,"NovaSeqX 10B XP flowcell PairedEnd 150 - single lane",1,,,-,"~40 yl of 11nM, library. Smart-Seq v3. PhiX requested to be 15%",287,2025-10-20T00:00:00+02:00,2025-10-21T00:00:00+02:00,2025-10-28T00:00:00+01:00,7,2025-10-28T12:45:42+01:00,3575,"Organoid PatchSeq",,131,12,2025-10-18T12:25:42+02:00,,Created,,1,2025-10-20T00:00:00+02:00,2025-10-20T13:54:55+02:00,"Florian Pauler",Hippenmeyer,27829,19701,1,Completed,1,15,0,qpcr,21714,287,no_spikeins,1,,None,Standard,,7,4,2025-10-28T12:45:42+01:00,,,,R19701_1,534216,Completed,19701,366507,1,1,0,7,4,0,,2025-10-28T12:45:35+01:00,,366507,Illumina,Ready,G9_SetA_Pl1,"Mus musculus",RNA-Seq,Cx,"single cell",M11-Emx1creER,,,,,"Florian Pauler",Hippenmeyer,none,"none Illumina",,100-700,200-1000,1,0,Standard,"IDT-ILMN Nextera DNA UD Indexes v3",7071,5071,,AGTAGAAGTG,CTAGCGTCGA,,2025-10-21T00:00:00+02:00,2025-10-22T00:00:00+02:00,2025-10-22T13:35:37+02:00
19701,"Florian Pauler",Hippenmeyer,Completed,Illumina,0,"NovaSeqX 10B XP flowcell PairedEnd 150 - single lane",1,,,-,"~40 yl of 11nM, library. Smart-Seq v3. PhiX requested to be 15%",287,2025-10-20T00:00:00+02:00,2025-10-21T00:00:00+02:00,2025-10-28T00:00:00+01:00,7,2025-10-28T12:45:42+01:00,3575,"Organoid PatchSeq",,131,12,2025-10-18T12:25:42+02:00,,Created,,1,2025-10-20T00:00:00+02:00,2025-10-20T13:54:55+02:00,"Florian Pauler",Hippenmeyer,27829,19701,1,Completed,1,15,0,qpcr,21714,287,no_spikeins,1,,None,Standard,,7,4,2025-10-28T12:45:42+01:00,,,,R19701_1,534212,Completed,19701,366511,1,1,0,7,4,0,,2025-10-28T12:45:35+01:00,,366511,Illumina,Ready,C10_SetA_Pl1,"Mus musculus",RNA-Seq,Cx,"single cell",M11-Emx1creER,,,,,"Florian Pauler",Hippenmeyer,none,"none Illumina",,100-700,200-1000,1,0,Standard,"IDT-ILMN Nextera DNA UD Indexes v3",7075,5075,,TTCACGAGAC,AGATTGTTAC,,2025-10-21T00:00:00+02:00,2025-10-22T00:00:00+02:00,2025-10-22T13:35:36+02:00
19701,"Florian Pauler",Hippenmeyer,Completed,Illumina,0,"NovaSeqX 10B XP flowcell PairedEnd 150 - single lane",1,,,-,"~40 yl of 11nM, library. Smart-Seq v3. PhiX requested to be 15%",287,2025-10-20T00:00:00+02:00,2025-10-21T00:00:00+02:00,2025-10-28T00:00:00+01:00,7,2025-10-28T12:45:42+01:00,3575,"Organoid PatchSeq",,131,12,2025-10-18T12:25:42+02:00,,Created,,1,2025-10-20T00:00:00+02:00,2025-10-20T13:54:55+02:00,"Florian Pauler",Hippenmeyer,27829,19701,1,Completed,1,15,0,qpcr,21714,287,no_spikeins,1,,None,Standard,,7,4,2025-10-28T12:45:42+01:00,,,,R19701_1,534236,Completed,19701,366487,1,1,0,7,4,0,,2025-10-28T12:45:37+01:00,,366487,Illumina,Ready,C7_SetA_Pl1,"Mus musculus",RNA-Seq,Cx,"single cell",M11-Emx1creER,,,,,"Florian Pauler",Hippenmeyer,none,"none Illumina",,100-700,200-1000,1,0,Standard,"IDT-ILMN Nextera DNA UD Indexes v3",7051,5051,,CCTGTCTGTC,ACTGTTGTGA,,2025-10-21T00:00:00+02:00,2025-10-22T00:00:00+02:00,2025-10-22T13:35:40+02:00
19701,"Florian Pauler",Hippenmeyer,Completed,Illumina,0,"NovaSeqX 10B XP flowcell PairedEnd 150 - single lane",1,,,-,"~40 yl of 11nM, library. Smart-Seq v3. PhiX requested to be 15%",287,2025-10-20T00:00:00+02:00,2025-10-21T00:00:00+02:00,2025-10-28T00:00:00+01:00,7,2025-10-28T12:45:42+01:00,3575,"Organoid PatchSeq",,131,12,2025-10-18T12:25:42+02:00,,Created,,1,2025-10-20T00:00:00+02:00,2025-10-20T13:54:55+02:00,"Florian Pauler",Hippenmeyer,27829,19701,1,Completed,1,15,0,qpcr,21714,287,no_spikeins,1,,None,Standard,,7,4,2025-10-28T12:45:42+01:00,,,,R19701_1,534237,Completed,19701,366486,1,1,0,7,4,0,,2025-10-28T12:45:37+01:00,,366486,Illumina,Ready,B7_SetA_Pl1,"Mus musculus",RNA-Seq,Cx,"single cell",M11-Emx1creER,,,,,"Florian Pauler",Hippenmeyer,none,"none Illumina",,100-700,200-1000,1,0,Standard,"IDT-ILMN Nextera DNA UD Indexes v3",7050,5050,,GACACCATGT,TCAACGTGTA,,2025-10-21T00:00:00+02:00,2025-10-22T00:00:00+02:00,2025-10-22T13:35:41+02:00
19701,"Florian Pauler",Hippenmeyer,Completed,Illumina,0,"NovaSeqX 10B XP flowcell PairedEnd 150 - single lane",1,,,-,"~40 yl of 11nM, library. Smart-Seq v3. PhiX requested to be 15%",287,2025-10-20T00:00:00+02:00,2025-10-21T00:00:00+02:00,2025-10-28T00:00:00+01:00,7,2025-10-28T12:45:42+01:00,3575,"Organoid PatchSeq",,131,12,2025-10-18T12:25:42+02:00,,Created,,1,2025-10-20T00:00:00+02:00,2025-10-20T13:54:55+02:00,"Florian Pauler",Hippenmeyer,27829,19701,1,Completed,1,15,0,qpcr,21714,287,no_spikeins,1,,None,Standard,,7,4,2025-10-28T12:45:42+01:00,,,,R19701_1,534238,Completed,19701,366485,1,1,0,7,4,0,,2025-10-28T12:45:37+01:00,,366485,Illumina,Ready,A7_SetA_Pl1,"Mus musculus",RNA-Seq,Cx,"single cell",M11-Emx1creER,,,,,"Florian Pauler",Hippenmeyer,none,"none Illumina",,100-700,200-1000,1,0,Standard,"IDT-ILMN Nextera DNA UD Indexes v3",7049,5049,,AGTGTTGCAC,CTGGTACACG,,2025-10-21T00:00:00+02:00,2025-10-22T00:00:00+02:00,2025-10-22T13:35:41+02:00
19701,"Florian Pauler",Hippenmeyer,Completed,Illumina,0,"NovaSeqX 10B XP flowcell PairedEnd 150 - single lane",1,,,-,"~40 yl of 11nM, library. Smart-Seq v3. PhiX requested to be 15%",287,2025-10-20T00:00:00+02:00,2025-10-21T00:00:00+02:00,2025-10-28T00:00:00+01:00,7,2025-10-28T12:45:42+01:00,3575,"Organoid PatchSeq",,131,12,2025-10-18T12:25:42+02:00,,Created,,1,2025-10-20T00:00:00+02:00,2025-10-20T13:54:55+02:00,"Florian Pauler",Hippenmeyer,27829,19701,1,Completed,1,15,0,qpcr,21714,287,no_spikeins,1,,None,Standard,,7,4,2025-10-28T12:45:42+01:00,,,,R19701_1,534239,Completed,19701,366484,1,1,0,7,4,0,,2025-10-28T12:45:37+01:00,,366484,Illumina,Ready,H6_SetA_Pl1,"Mus musculus",RNA-Seq,Cx,"single cell",M11-Emx1creER,,,,,"Florian Pauler",Hippenmeyer,none,"none Illumina",,100-700,200-1000,1,0,Standard,"IDT-ILMN Nextera DNA UD Indexes v3",7048,5048,,CAGTGGCACT,TAACAATAGG,,2025-10-21T00:00:00+02:00,2025-10-22T00:00:00+02:00,2025-10-22T13:35:41+02:00
19701,"Florian Pauler",Hippenmeyer,Completed,Illumina,0,"NovaSeqX 10B XP flowcell PairedEnd 150 - single lane",1,,,-,"~40 yl of 11nM, library. Smart-Seq v3. PhiX requested to be 15%",287,2025-10-20T00:00:00+02:00,2025-10-21T00:00:00+02:00,2025-10-28T00:00:00+01:00,7,2025-10-28T12:45:42+01:00,3575,"Organoid PatchSeq",,131,12,2025-10-18T12:25:42+02:00,,Created,,1,2025-10-20T00:00:00+02:00,2025-10-20T13:54:55+02:00,"Florian Pauler",Hippenmeyer,27829,19701,1,Completed,1,15,0,qpcr,21714,287,no_spikeins,1,,None,Standard,,7,4,2025-10-28T12:45:42+01:00,,,,R19701_1,534240,Completed,19701,366483,1,1,0,7,4,0,,2025-10-28T12:45:38+01:00,,366483,Illumina,Ready,G6_SetA_Pl1,"Mus musculus",RNA-Seq,Cx,"single cell",M11-Emx1creER,,,,,"Florian Pauler",Hippenmeyer,none,"none Illumina",,100-700,200-1000,1,0,Standard,"IDT-ILMN Nextera DNA UD Indexes v3",7047,5047,,GTCCTGGATA,CGGTGGCGAA,,2025-10-21T00:00:00+02:00,2025-10-22T00:00:00+02:00,2025-10-22T13:35:41+02:00
19701,"Florian Pauler",Hippenmeyer,Completed,Illumina,0,"NovaSeqX 10B XP flowcell PairedEnd 150 - single lane",1,,,-,"~40 yl of 11nM, library. Smart-Seq v3. PhiX requested to be 15%",287,2025-10-20T00:00:00+02:00,2025-10-21T00:00:00+02:00,2025-10-28T00:00:00+01:00,7,2025-10-28T12:45:42+01:00,3575,"Organoid PatchSeq",,131,12,2025-10-18T12:25:42+02:00,,Created,,1,2025-10-20T00:00:00+02:00,2025-10-20T13:54:55+02:00,"Florian Pauler",Hippenmeyer,27829,19701,1,Completed,1,15,0,qpcr,21714,287,no_spikeins,1,,None,Standard,,7,4,2025-10-28T12:45:42+01:00,,,,R19701_1,534241,Completed,19701,366482,1,1,0,7,4,0,,2025-10-28T12:45:38+01:00,,366482,Illumina,Ready,F6_SetA_Pl1,"Mus musculus",RNA-Seq,Cx,"single cell",M11-Emx1creER,,,,,"Florian Pauler",Hippenmeyer,none,"none Illumina",,100-700,200-1000,1,0,Standard,"IDT-ILMN Nextera DNA UD Indexes v3",7046,5046,,GCAACATGGA,CTTGTCTTAA,,2025-10-21T00:00:00+02:00,2025-10-22T00:00:00+02:00,2025-10-22T13:35:41+02:00
19701,"Florian Pauler",Hippenmeyer,Completed,Illumina,0,"NovaSeqX 10B XP flowcell PairedEnd 150 - single lane",1,,,-,"~40 yl of 11nM, library. Smart-Seq v3. PhiX requested to be 15%",287,2025-10-20T00:00:00+02:00,2025-10-21T00:00:00+02:00,2025-10-28T00:00:00+01:00,7,2025-10-28T12:45:42+01:00,3575,"Organoid PatchSeq",,131,12,2025-10-18T12:25:42+02:00,,Created,,1,2025-10-20T00:00:00+02:00,2025-10-20T13:54:55+02:00,"Florian Pauler",Hippenmeyer,27829,19701,1,Completed,1,15,0,qpcr,21714,287,no_spikeins,1,,None,Standard,,7,4,2025-10-28T12:45:42+01:00,,,,R19701_1,534242,Completed,19701,366481,1,1,0,7,4,0,,2025-10-28T12:45:38+01:00,,366481,Illumina,Ready,E6_SetA_Pl1,"Mus musculus",RNA-Seq,Cx,"single cell",M11-Emx1creER,,,,,"Florian Pauler",Hippenmeyer,none,"none Illumina",,100-700,200-1000,1,0,Standard,"IDT-ILMN Nextera DNA UD Indexes v3",7045,5045,,CGTTATTCTA,CCATAAGGTT,,2025-10-21T00:00:00+02:00,2025-10-22T00:00:00+02:00,2025-10-22T13:35:42+02:00
19701,"Florian Pauler",Hippenmeyer,Completed,Illumina,0,"NovaSeqX 10B XP flowcell PairedEnd 150 - single lane",1,,,-,"~40 yl of 11nM, library. Smart-Seq v3. PhiX requested to be 15%",287,2025-10-20T00:00:00+02:00,2025-10-21T00:00:00+02:00,2025-10-28T00:00:00+01:00,7,2025-10-28T12:45:42+01:00,3575,"Organoid PatchSeq",,131,12,2025-10-18T12:25:42+02:00,,Created,,1,2025-10-20T00:00:00+02:00,2025-10-20T13:54:55+02:00,"Florian Pauler",Hippenmeyer,27829,19701,1,Completed,1,15,0,qpcr,21714,287,no_spikeins,1,,None,Standard,,7,4,2025-10-28T12:45:42+01:00,,,,R19701_1,534243,Completed,19701,366480,1,1,0,7,4,0,,2025-10-28T12:45:38+01:00,,366480,Illumina,Ready,D6_SetA_Pl1,"Mus musculus",RNA-Seq,Cx,"single cell",M11-Emx1creER,,,,,"Florian Pauler",Hippenmeyer,none,"none Illumina",,100-700,200-1000,1,0,Standard,"IDT-ILMN Nextera DNA UD Indexes v3",7044,5044,,CTGCGAGCCA,AATCCGGCCA,,2025-10-21T00:00:00+02:00,2025-10-22T00:00:00+02:00,2025-10-22T13:35:42+02:00
19701,"Florian Pauler",Hippenmeyer,Completed,Illumina,0,"NovaSeqX 10B XP flowcell PairedEnd 150 - single lane",1,,,-,"~40 yl of 11nM, library. Smart-Seq v3. PhiX requested to be 15%",287,2025-10-20T00:00:00+02:00,2025-10-21T00:00:00+02:00,2025-10-28T00:00:00+01:00,7,2025-10-28T12:45:42+01:00,3575,"Organoid PatchSeq",,131,12,2025-10-18T12:25:42+02:00,,Created,,1,2025-10-20T00:00:00+02:00,2025-10-20T13:54:55+02:00,"Florian Pauler",Hippenmeyer,27829,19701,1,Completed,1,15,0,qpcr,21714,287,no_spikeins,1,,None,Standard,,7,4,2025-10-28T12:45:42+01:00,,,,R19701_1,534022,Completed,19701,366701,1,1,0,7,4,0,,2025-10-28T12:45:16+01:00,,366701,Illumina,Ready,A10_SetC_Pl3,"Mus musculus",RNA-Seq,Cx,"single cell",M11-Emx1creER,,,,,"Florian Pauler",Hippenmeyer,none,"none Illumina",,100-700,200-1000,1,0,Standard,"IDT-ILMN Nextera DNA UD Indexes v3",7265,5265,,CTAACCGAGA,TCGATGCGCG,,2025-10-21T00:00:00+02:00,2025-10-22T00:00:00+02:00,2025-10-22T13:34:56+02:00
19701,"Florian Pauler",Hippenmeyer,Completed,Illumina,0,"NovaSeqX 10B XP flowcell PairedEnd 150 - single lane",1,,,-,"~40 yl of 11nM, library. Smart-Seq v3. PhiX requested to be 15%",287,2025-10-20T00:00:00+02:00,2025-10-21T00:00:00+02:00,2025-10-28T00:00:00+01:00,7,2025-10-28T12:45:42+01:00,3575,"Organoid PatchSeq",,131,12,2025-10-18T12:25:42+02:00,,Created,,1,2025-10-20T00:00:00+02:00,2025-10-20T13:54:55+02:00,"Florian Pauler",Hippenmeyer,27829,19701,1,Completed,1,15,0,qpcr,21714,287,no_spikeins,1,,None,Standard,,7,4,2025-10-28T12:45:42+01:00,,,,R19701_1,534023,Completed,19701,366700,1,1,0,7,4,0,,2025-10-28T12:45:16+01:00,,366700,Illumina,Ready,H9_SetC_Pl3,"Mus musculus",RNA-Seq,Cx,"single cell",M11-Emx1creER,,,,,"Florian Pauler",Hippenmeyer,none,"none Illumina",,100-700,200-1000,1,0,Standard,"IDT-ILMN Nextera DNA UD Indexes v3",7264,5264,,TCTTGTCGGC,CCACCTGTGT,,2025-10-21T00:00:00+02:00,2025-10-22T00:00:00+02:00,2025-10-22T13:34:57+02:00
19701,"Florian Pauler",Hippenmeyer,Completed,Illumina,0,"NovaSeqX 10B XP flowcell PairedEnd 150 - single lane",1,,,-,"~40 yl of 11nM, library. Smart-Seq v3. PhiX requested to be 15%",287,2025-10-20T00:00:00+02:00,2025-10-21T00:00:00+02:00,2025-10-28T00:00:00+01:00,7,2025-10-28T12:45:42+01:00,3575,"Organoid PatchSeq",,131,12,2025-10-18T12:25:42+02:00,,Created,,1,2025-10-20T00:00:00+02:00,2025-10-20T13:54:55+02:00,"Florian Pauler",Hippenmeyer,27829,19701,1,Completed,1,15,0,qpcr,21714,287,no_spikeins,1,,None,Standard,,7,4,2025-10-28T12:45:42+01:00,,,,R19701_1,534024,Completed,19701,366699,1,1,0,7,4,0,,2025-10-28T12:45:16+01:00,,366699,Illumina,Ready,G9_SetC_Pl3,"Mus musculus",RNA-Seq,Cx,"single cell",M11-Emx1creER,,,,,"Florian Pauler",Hippenmeyer,none,"none Illumina",,100-700,200-1000,1,0,Standard,"IDT-ILMN Nextera DNA UD Indexes v3",7263,5263,,CACACAGTAT,TTGAGCCTAA,,2025-10-21T00:00:00+02:00,2025-10-22T00:00:00+02:00,2025-10-22T13:34:57+02:00
19701,"Florian Pauler",Hippenmeyer,Completed,Illumina,0,"NovaSeqX 10B XP flowcell PairedEnd 150 - single lane",1,,,-,"~40 yl of 11nM, library. Smart-Seq v3. PhiX requested to be 15%",287,2025-10-20T00:00:00+02:00,2025-10-21T00:00:00+02:00,2025-10-28T00:00:00+01:00,7,2025-10-28T12:45:42+01:00,3575,"Organoid PatchSeq",,131,12,2025-10-18T12:25:42+02:00,,Created,,1,2025-10-20T00:00:00+02:00,2025-10-20T13:54:55+02:00,"Florian Pauler",Hippenmeyer,27829,19701,1,Completed,1,15,0,qpcr,21714,287,no_spikeins,1,,None,Standard,,7,4,2025-10-28T12:45:42+01:00,,,,R19701_1,534029,Completed,19701,366694,1,1,0,7,4,0,,2025-10-28T12:45:17+01:00,,366694,Illumina,Ready,B9_SetC_Pl3,"Mus musculus",RNA-Seq,Cx,"single cell",M11-Emx1creER,,,,,"Florian Pauler",Hippenmeyer,none,"none Illumina",,100-700,200-1000,1,0,Standard,"IDT-ILMN Nextera DNA UD Indexes v3",7258,5258,,CCATGGTATA,TCTCGCGGAG,,2025-10-21T00:00:00+02:00,2025-10-22T00:00:00+02:00,2025-10-22T13:34:58+02:00
19701,"Florian Pauler",Hippenmeyer,Completed,Illumina,0,"NovaSeqX 10B XP flowcell PairedEnd 150 - single lane",1,,,-,"~40 yl of 11nM, library. Smart-Seq v3. PhiX requested to be 15%",287,2025-10-20T00:00:00+02:00,2025-10-21T00:00:00+02:00,2025-10-28T00:00:00+01:00,7,2025-10-28T12:45:42+01:00,3575,"Organoid PatchSeq",,131,12,2025-10-18T12:25:42+02:00,,Created,,1,2025-10-20T00:00:00+02:00,2025-10-20T13:54:55+02:00,"Florian Pauler",Hippenmeyer,27829,19701,1,Completed,1,15,0,qpcr,21714,287,no_spikeins,1,,None,Standard,,7,4,2025-10-28T12:45:42+01:00,,,,R19701_1,534030,Completed,19701,366693,1,1,0,7,4,0,,2025-10-28T12:45:17+01:00,,366693,Illumina,Ready,A9_SetC_Pl3,"Mus musculus",RNA-Seq,Cx,"single cell",M11-Emx1creER,,,,,"Florian Pauler",Hippenmeyer,none,"none Illumina",,100-700,200-1000,1,0,Standard,"IDT-ILMN Nextera DNA UD Indexes v3",7257,5257,,GTAACAATCT,CTCTGTATAC,,2025-10-21T00:00:00+02:00,2025-10-22T00:00:00+02:00,2025-10-22T13:34:58+02:00
19701,"Florian Pauler",Hippenmeyer,Completed,Illumina,0,"NovaSeqX 10B XP flowcell PairedEnd 150 - single lane",1,,,-,"~40 yl of 11nM, library. Smart-Seq v3. PhiX requested to be 15%",287,2025-10-20T00:00:00+02:00,2025-10-21T00:00:00+02:00,2025-10-28T00:00:00+01:00,7,2025-10-28T12:45:42+01:00,3575,"Organoid PatchSeq",,131,12,2025-10-18T12:25:42+02:00,,Created,,1,2025-10-20T00:00:00+02:00,2025-10-20T13:54:55+02:00,"Florian Pauler",Hippenmeyer,27829,19701,1,Completed,1,15,0,qpcr,21714,287,no_spikeins,1,,None,Standard,,7,4,2025-10-28T12:45:42+01:00,,,,R19701_1,534031,Completed,19701,366692,1,1,0,7,4,0,,2025-10-28T12:45:17+01:00,,366692,Illumina,Ready,H8_SetC_Pl3,"Mus musculus",RNA-Seq,Cx,"single cell",M11-Emx1creER,,,,,"Florian Pauler",Hippenmeyer,none,"none Illumina",,100-700,200-1000,1,0,Standard,"IDT-ILMN Nextera DNA UD Indexes v3",7256,5256,,GTATAGAACA,TGTCACAGGA,,2025-10-21T00:00:00+02:00,2025-10-22T00:00:00+02:00,2025-10-22T13:34:58+02:00
19701,"Florian Pauler",Hippenmeyer,Completed,Illumina,0,"NovaSeqX 10B XP flowcell PairedEnd 150 - single lane",1,,,-,"~40 yl of 11nM, library. Smart-Seq v3. PhiX requested to be 15%",287,2025-10-20T00:00:00+02:00,2025-10-21T00:00:00+02:00,2025-10-28T00:00:00+01:00,7,2025-10-28T12:45:42+01:00,3575,"Organoid PatchSeq",,131,12,2025-10-18T12:25:42+02:00,,Created,,1,2025-10-20T00:00:00+02:00,2025-10-20T13:54:55+02:00,"Florian Pauler",Hippenmeyer,27829,19701,1,Completed,1,15,0,qpcr,21714,287,no_spikeins,1,,None,Standard,,7,4,2025-10-28T12:45:42+01:00,,,,R19701_1,534032,Completed,19701,366691,1,1,0,7,4,0,,2025-10-28T12:45:17+01:00,,366691,Illumina,Ready,G8_SetC_Pl3,"Mus musculus",RNA-Seq,Cx,"single cell",M11-Emx1creER,,,,,"Florian Pauler",Hippenmeyer,none,"none Illumina",,100-700,200-1000,1,0,Standard,"IDT-ILMN Nextera DNA UD Indexes v3",7255,5255,,TCAGTCTCGT,CACGGATTAT,,2025-10-21T00:00:00+02:00,2025-10-22T00:00:00+02:00,2025-10-22T13:34:58+02:00
19701,"Florian Pauler",Hippenmeyer,Completed,Illumina,0,"NovaSeqX 10B XP flowcell PairedEnd 150 - single lane",1,,,-,"~40 yl of 11nM, library. Smart-Seq v3. PhiX requested to be 15%",287,2025-10-20T00:00:00+02:00,2025-10-21T00:00:00+02:00,2025-10-28T00:00:00+01:00,7,2025-10-28T12:45:42+01:00,3575,"Organoid PatchSeq",,131,12,2025-10-18T12:25:42+02:00,,Created,,1,2025-10-20T00:00:00+02:00,2025-10-20T13:54:55+02:00,"Florian Pauler",Hippenmeyer,27829,19701,1,Completed,1,15,0,qpcr,21714,287,no_spikeins,1,,None,Standard,,7,4,2025-10-28T12:45:42+01:00,,,,R19701_1,534033,Completed,19701,366690,1,1,0,7,4,0,,2025-10-28T12:45:17+01:00,,366690,Illumina,Ready,F8_SetC_Pl3,"Mus musculus",RNA-Seq,Cx,"single cell",M11-Emx1creER,,,,,"Florian Pauler",Hippenmeyer,none,"none Illumina",,100-700,200-1000,1,0,Standard,"IDT-ILMN Nextera DNA UD Indexes v3",7254,5254,,AAGCATCTTG,CATTCAACAA,,2025-10-21T00:00:00+02:00,2025-10-22T00:00:00+02:00,2025-10-22T13:34:58+02:00
19701,"Florian Pauler",Hippenmeyer,Completed,Illumina,0,"NovaSeqX 10B XP flowcell PairedEnd 150 - single lane",1,,,-,"~40 yl of 11nM, library. Smart-Seq v3. PhiX requested to be 15%",287,2025-10-20T00:00:00+02:00,2025-10-21T00:00:00+02:00,2025-10-28T00:00:00+01:00,7,2025-10-28T12:45:42+01:00,3575,"Organoid PatchSeq",,131,12,2025-10-18T12:25:42+02:00,,Created,,1,2025-10-20T00:00:00+02:00,2025-10-20T13:54:55+02:00,"Florian Pauler",Hippenmeyer,27829,19701,1,Completed,1,15,0,qpcr,21714,287,no_spikeins,1,,None,Standard,,7,4,2025-10-28T12:45:42+01:00,,,,R19701_1,534034,Completed,19701,366689,1,1,0,7,4,0,,2025-10-28T12:45:17+01:00,,366689,Illumina,Ready,E8_SetC_Pl3,"Mus musculus",RNA-Seq,Cx,"single cell",M11-Emx1creER,,,,,"Florian Pauler",Hippenmeyer,none,"none Illumina",,100-700,200-1000,1,0,Standard,"IDT-ILMN Nextera DNA UD Indexes v3",7253,5253,,TCTCAATACC,GACGTTCGCG,,2025-10-21T00:00:00+02:00,2025-10-22T00:00:00+02:00,2025-10-22T13:34:59+02:00
19701,"Florian Pauler",Hippenmeyer,Completed,Illumina,0,"NovaSeqX 10B XP flowcell PairedEnd 150 - single lane",1,,,-,"~40 yl of 11nM, library. Smart-Seq v3. PhiX requested to be 15%",287,2025-10-20T00:00:00+02:00,2025-10-21T00:00:00+02:00,2025-10-28T00:00:00+01:00,7,2025-10-28T12:45:42+01:00,3575,"Organoid PatchSeq",,131,12,2025-10-18T12:25:42+02:00,,Created,,1,2025-10-20T00:00:00+02:00,2025-10-20T13:54:55+02:00,"Florian Pauler",Hippenmeyer,27829,19701,1,Completed,1,15,0,qpcr,21714,287,no_spikeins,1,,None,Standard,,7,4,2025-10-28T12:45:42+01:00,,,,R19701_1,534035,Completed,19701,366688,1,1,0,7,4,0,,2025-10-28T12:45:17+01:00,,366688,Illumina,Ready,D8_SetC_Pl3,"Mus musculus",RNA-Seq,Cx,"single cell",M11-Emx1creER,,,,,"Florian Pauler",Hippenmeyer,none,"none Illumina",,100-700,200-1000,1,0,Standard,"IDT-ILMN Nextera DNA UD Indexes v3",7252,5252,,CCGAATCTGG,ATGAATCAAG,,2025-10-21T00:00:00+02:00,2025-10-22T00:00:00+02:00,2025-10-22T13:34:59+02:00
19701,"Florian Pauler",Hippenmeyer,Completed,Illumina,0,"NovaSeqX 10B XP flowcell PairedEnd 150 - single lane",1,,,-,"~40 yl of 11nM, library. Smart-Seq v3. PhiX requested to be 15%",287,2025-10-20T00:00:00+02:00,2025-10-21T00:00:00+02:00,2025-10-28T00:00:00+01:00,7,2025-10-28T12:45:42+01:00,3575,"Organoid PatchSeq",,131,12,2025-10-18T12:25:42+02:00,,Created,,1,2025-10-20T00:00:00+02:00,2025-10-20T13:54:55+02:00,"Florian Pauler",Hippenmeyer,27829,19701,1,Completed,1,15,0,qpcr,21714,287,no_spikeins,1,,None,Standard,,7,4,2025-10-28T12:45:42+01:00,,,,R19701_1,534036,Completed,19701,366687,1,1,0,7,4,0,,2025-10-28T12:45:17+01:00,,366687,Illumina,Ready,C8_SetC_Pl3,"Mus musculus",RNA-Seq,Cx,"single cell",M11-Emx1creER,,,,,"Florian Pauler",Hippenmeyer,none,"none Illumina",,100-700,200-1000,1,0,Standard,"IDT-ILMN Nextera DNA UD Indexes v3",7251,5251,,GCGTATTAAT,TGCGGTGTTG,,2025-10-21T00:00:00+02:00,2025-10-22T00:00:00+02:00,2025-10-22T13:34:59+02:00
19701,"Florian Pauler",Hippenmeyer,Completed,Illumina,0,"NovaSeqX 10B XP flowcell PairedEnd 150 - single lane",1,,,-,"~40 yl of 11nM, library. Smart-Seq v3. PhiX requested to be 15%",287,2025-10-20T00:00:00+02:00,2025-10-21T00:00:00+02:00,2025-10-28T00:00:00+01:00,7,2025-10-28T12:45:42+01:00,3575,"Organoid PatchSeq",,131,12,2025-10-18T12:25:42+02:00,,Created,,1,2025-10-20T00:00:00+02:00,2025-10-20T13:54:55+02:00,"Florian Pauler",Hippenmeyer,27829,19701,1,Completed,1,15,0,qpcr,21714,287,no_spikeins,1,,None,Standard,,7,4,2025-10-28T12:45:42+01:00,,,,R19701_1,534223,Completed,19701,366500,1,1,0,7,4,0,,2025-10-28T12:45:36+01:00,,366500,Illumina,Ready,H8_SetA_Pl1,"Mus musculus",RNA-Seq,Cx,"single cell",M11-Emx1creER,,,,,"Florian Pauler",Hippenmeyer,none,"none Illumina",,100-700,200-1000,1,0,Standard,"IDT-ILMN Nextera DNA UD Indexes v3",7064,5064,,TGGCGCGAAC,AACTGATACT,,2025-10-21T00:00:00+02:00,2025-10-22T00:00:00+02:00,2025-10-22T13:35:38+02:00
19701,"Florian Pauler",Hippenmeyer,Completed,Illumina,0,"NovaSeqX 10B XP flowcell PairedEnd 150 - single lane",1,,,-,"~40 yl of 11nM, library. Smart-Seq v3. PhiX requested to be 15%",287,2025-10-20T00:00:00+02:00,2025-10-21T00:00:00+02:00,2025-10-28T00:00:00+01:00,7,2025-10-28T12:45:42+01:00,3575,"Organoid PatchSeq",,131,12,2025-10-18T12:25:42+02:00,,Created,,1,2025-10-20T00:00:00+02:00,2025-10-20T13:54:55+02:00,"Florian Pauler",Hippenmeyer,27829,19701,1,Completed,1,15,0,qpcr,21714,287,no_spikeins,1,,None,Standard,,7,4,2025-10-28T12:45:42+01:00,,,,R19701_1,534231,Completed,19701,366492,1,1,0,7,4,0,,2025-10-28T12:45:37+01:00,,366492,Illumina,Ready,H7_SetA_Pl1,"Mus musculus",RNA-Seq,Cx,"single cell",M11-Emx1creER,,,,,"Florian Pauler",Hippenmeyer,none,"none Illumina",,100-700,200-1000,1,0,Standard,"IDT-ILMN Nextera DNA UD Indexes v3",7056,5056,,ACTCTATTGT,ATCGCATATG,,2025-10-21T00:00:00+02:00,2025-10-22T00:00:00+02:00,2025-10-22T13:35:39+02:00
19701,"Florian Pauler",Hippenmeyer,Completed,Illumina,0,"NovaSeqX 10B XP flowcell PairedEnd 150 - single lane",1,,,-,"~40 yl of 11nM, library. Smart-Seq v3. PhiX requested to be 15%",287,2025-10-20T00:00:00+02:00,2025-10-21T00:00:00+02:00,2025-10-28T00:00:00+01:00,7,2025-10-28T12:45:42+01:00,3575,"Organoid PatchSeq",,131,12,2025-10-18T12:25:42+02:00,,Created,,1,2025-10-20T00:00:00+02:00,2025-10-20T13:54:55+02:00,"Florian Pauler",Hippenmeyer,27829,19701,1,Completed,1,15,0,qpcr,21714,287,no_spikeins,1,,None,Standard,,7,4,2025-10-28T12:45:42+01:00,,,,R19701_1,534232,Completed,19701,366491,1,1,0,7,4,0,,2025-10-28T12:45:37+01:00,,366491,Illumina,Ready,G7_SetA_Pl1,"Mus musculus",RNA-Seq,Cx,"single cell",M11-Emx1creER,,,,,"Florian Pauler",Hippenmeyer,none,"none Illumina",,100-700,200-1000,1,0,Standard,"IDT-ILMN Nextera DNA UD Indexes v3",7055,5055,,TAGCATAACC,GCTATGCGCA,,2025-10-21T00:00:00+02:00,2025-10-22T00:00:00+02:00,2025-10-22T13:35:40+02:00
19701,"Florian Pauler",Hippenmeyer,Completed,Illumina,0,"NovaSeqX 10B XP flowcell PairedEnd 150 - single lane",1,,,-,"~40 yl of 11nM, library. Smart-Seq v3. PhiX requested to be 15%",287,2025-10-20T00:00:00+02:00,2025-10-21T00:00:00+02:00,2025-10-28T00:00:00+01:00,7,2025-10-28T12:45:42+01:00,3575,"Organoid PatchSeq",,131,12,2025-10-18T12:25:42+02:00,,Created,,1,2025-10-20T00:00:00+02:00,2025-10-20T13:54:55+02:00,"Florian Pauler",Hippenmeyer,27829,19701,1,Completed,1,15,0,qpcr,21714,287,no_spikeins,1,,None,Standard,,7,4,2025-10-28T12:45:42+01:00,,,,R19701_1,534233,Completed,19701,366490,1,1,0,7,4,0,,2025-10-28T12:45:37+01:00,,366490,Illumina,Ready,F7_SetA_Pl1,"Mus musculus",RNA-Seq,Cx,"single cell",M11-Emx1creER,,,,,"Florian Pauler",Hippenmeyer,none,"none Illumina",,100-700,200-1000,1,0,Standard,"IDT-ILMN Nextera DNA UD Indexes v3",7054,5054,,CTATTACTAC,GAGTCTCTCC,,2025-10-21T00:00:00+02:00,2025-10-22T00:00:00+02:00,2025-10-22T13:35:40+02:00
19701,"Florian Pauler",Hippenmeyer,Completed,Illumina,0,"NovaSeqX 10B XP flowcell PairedEnd 150 - single lane",1,,,-,"~40 yl of 11nM, library. Smart-Seq v3. PhiX requested to be 15%",287,2025-10-20T00:00:00+02:00,2025-10-21T00:00:00+02:00,2025-10-28T00:00:00+01:00,7,2025-10-28T12:45:42+01:00,3575,"Organoid PatchSeq",,131,12,2025-10-18T12:25:42+02:00,,Created,,1,2025-10-20T00:00:00+02:00,2025-10-20T13:54:55+02:00,"Florian Pauler",Hippenmeyer,27829,19701,1,Completed,1,15,0,qpcr,21714,287,no_spikeins,1,,None,Standard,,7,4,2025-10-28T12:45:42+01:00,,,,R19701_1,534234,Completed,19701,366489,1,1,0,7,4,0,,2025-10-28T12:45:37+01:00,,366489,Illumina,Ready,E7_SetA_Pl1,"Mus musculus",RNA-Seq,Cx,"single cell",M11-Emx1creER,,,,,"Florian Pauler",Hippenmeyer,none,"none Illumina",,100-700,200-1000,1,0,Standard,"IDT-ILMN Nextera DNA UD Indexes v3",7053,5053,,TAGTTCGGTA,CCATGTGTAG,,2025-10-21T00:00:00+02:00,2025-10-22T00:00:00+02:00,2025-10-22T13:35:40+02:00
19701,"Florian Pauler",Hippenmeyer,Completed,Illumina,0,"NovaSeqX 10B XP flowcell PairedEnd 150 - single lane",1,,,-,"~40 yl of 11nM, library. Smart-Seq v3. PhiX requested to be 15%",287,2025-10-20T00:00:00+02:00,2025-10-21T00:00:00+02:00,2025-10-28T00:00:00+01:00,7,2025-10-28T12:45:42+01:00,3575,"Organoid PatchSeq",,131,12,2025-10-18T12:25:42+02:00,,Created,,1,2025-10-20T00:00:00+02:00,2025-10-20T13:54:55+02:00,"Florian Pauler",Hippenmeyer,27829,19701,1,Completed,1,15,0,qpcr,21714,287,no_spikeins,1,,None,Standard,,7,4,2025-10-28T12:45:42+01:00,,,,R19701_1,534235,Completed,19701,366488,1,1,0,7,4,0,,2025-10-28T12:45:37+01:00,,366488,Illumina,Ready,D7_SetA_Pl1,"Mus musculus",RNA-Seq,Cx,"single cell",M11-Emx1creER,,,,,"Florian Pauler",Hippenmeyer,none,"none Illumina",,100-700,200-1000,1,0,Standard,"IDT-ILMN Nextera DNA UD Indexes v3",7052,5052,,TGATGTAAGA,GTGCGTCCTT,,2025-10-21T00:00:00+02:00,2025-10-22T00:00:00+02:00,2025-10-22T13:35:40+02:00
19701,"Florian Pauler",Hippenmeyer,Completed,Illumina,0,"NovaSeqX 10B XP flowcell PairedEnd 150 - single lane",1,,,-,"~40 yl of 11nM, library. Smart-Seq v3. PhiX requested to be 15%",287,2025-10-20T00:00:00+02:00,2025-10-21T00:00:00+02:00,2025-10-28T00:00:00+01:00,7,2025-10-28T12:45:42+01:00,3575,"Organoid PatchSeq",,131,12,2025-10-18T12:25:42+02:00,,Created,,1,2025-10-20T00:00:00+02:00,2025-10-20T13:54:55+02:00,"Florian Pauler",Hippenmeyer,27829,19701,1,Completed,1,15,0,qpcr,21714,287,no_spikeins,1,,None,Standard,,7,4,2025-10-28T12:45:42+01:00,,,,R19701_1,534244,Completed,19701,366479,1,1,0,7,4,0,,2025-10-28T12:45:38+01:00,,366479,Illumina,Ready,C6_SetA_Pl1,"Mus musculus",RNA-Seq,Cx,"single cell",M11-Emx1creER,,,,,"Florian Pauler",Hippenmeyer,none,"none Illumina",,100-700,200-1000,1,0,Standard,"IDT-ILMN Nextera DNA UD Indexes v3",7043,5043,,CCATCTCGCC,TTCTATGGTT,,2025-10-21T00:00:00+02:00,2025-10-22T00:00:00+02:00,2025-10-22T13:35:42+02:00
19701,"Florian Pauler",Hippenmeyer,Completed,Illumina,0,"NovaSeqX 10B XP flowcell PairedEnd 150 - single lane",1,,,-,"~40 yl of 11nM, library. Smart-Seq v3. PhiX requested to be 15%",287,2025-10-20T00:00:00+02:00,2025-10-21T00:00:00+02:00,2025-10-28T00:00:00+01:00,7,2025-10-28T12:45:42+01:00,3575,"Organoid PatchSeq",,131,12,2025-10-18T12:25:42+02:00,,Created,,1,2025-10-20T00:00:00+02:00,2025-10-20T13:54:55+02:00,"Florian Pauler",Hippenmeyer,27829,19701,1,Completed,1,15,0,qpcr,21714,287,no_spikeins,1,,None,Standard,,7,4,2025-10-28T12:45:42+01:00,,,,R19701_1,534245,Completed,19701,366478,1,1,0,7,4,0,,2025-10-28T12:45:38+01:00,,366478,Illumina,Ready,B6_SetA_Pl1,"Mus musculus",RNA-Seq,Cx,"single cell",M11-Emx1creER,,,,,"Florian Pauler",Hippenmeyer,none,"none Illumina",,100-700,200-1000,1,0,Standard,"IDT-ILMN Nextera DNA UD Indexes v3",7042,5042,,GTCTAATGGC,AGTGGTCAGG,,2025-10-21T00:00:00+02:00,2025-10-22T00:00:00+02:00,2025-10-22T13:35:42+02:00
19701,"Florian Pauler",Hippenmeyer,Completed,Illumina,0,"NovaSeqX 10B XP flowcell PairedEnd 150 - single lane",1,,,-,"~40 yl of 11nM, library. Smart-Seq v3. PhiX requested to be 15%",287,2025-10-20T00:00:00+02:00,2025-10-21T00:00:00+02:00,2025-10-28T00:00:00+01:00,7,2025-10-28T12:45:42+01:00,3575,"Organoid PatchSeq",,131,12,2025-10-18T12:25:42+02:00,,Created,,1,2025-10-20T00:00:00+02:00,2025-10-20T13:54:55+02:00,"Florian Pauler",Hippenmeyer,27829,19701,1,Completed,1,15,0,qpcr,21714,287,no_spikeins,1,,None,Standard,,7,4,2025-10-28T12:45:42+01:00,,,,R19701_1,534246,Completed,19701,366477,1,1,0,7,4,0,,2025-10-28T12:45:38+01:00,,366477,Illumina,Ready,A6_SetA_Pl1,"Mus musculus",RNA-Seq,Cx,"single cell",M11-Emx1creER,,,,,"Florian Pauler",Hippenmeyer,none,"none Illumina",,100-700,200-1000,1,0,Standard,"IDT-ILMN Nextera DNA UD Indexes v3",7041,5041,,ACTCGGCAAT,GACAACTGAA,,2025-10-21T00:00:00+02:00,2025-10-22T00:00:00+02:00,2025-10-22T13:35:13+02:00
19701,"Florian Pauler",Hippenmeyer,Completed,Illumina,0,"NovaSeqX 10B XP flowcell PairedEnd 150 - single lane",1,,,-,"~40 yl of 11nM, library. Smart-Seq v3. PhiX requested to be 15%",287,2025-10-20T00:00:00+02:00,2025-10-21T00:00:00+02:00,2025-10-28T00:00:00+01:00,7,2025-10-28T12:45:42+01:00,3575,"Organoid PatchSeq",,131,12,2025-10-18T12:25:42+02:00,,Created,,1,2025-10-20T00:00:00+02:00,2025-10-20T13:54:55+02:00,"Florian Pauler",Hippenmeyer,27829,19701,1,Completed,1,15,0,qpcr,21714,287,no_spikeins,1,,None,Standard,,7,4,2025-10-28T12:45:42+01:00,,,,R19701_1,534247,Completed,19701,366476,1,1,0,7,4,0,,2025-10-28T12:45:38+01:00,,366476,Illumina,Ready,H5_SetA_Pl1,"Mus musculus",RNA-Seq,Cx,"single cell",M11-Emx1creER,,,,,"Florian Pauler",Hippenmeyer,none,"none Illumina",,100-700,200-1000,1,0,Standard,"IDT-ILMN Nextera DNA UD Indexes v3",7040,5040,,TATGTAGTCA,CGCACTAATG,,2025-10-21T00:00:00+02:00,2025-10-22T00:00:00+02:00,2025-10-22T13:35:13+02:00
19701,"Florian Pauler",Hippenmeyer,Completed,Illumina,0,"NovaSeqX 10B XP flowcell PairedEnd 150 - single lane",1,,,-,"~40 yl of 11nM, library. Smart-Seq v3. PhiX requested to be 15%",287,2025-10-20T00:00:00+02:00,2025-10-21T00:00:00+02:00,2025-10-28T00:00:00+01:00,7,2025-10-28T12:45:42+01:00,3575,"Organoid PatchSeq",,131,12,2025-10-18T12:25:42+02:00,,Created,,1,2025-10-20T00:00:00+02:00,2025-10-20T13:54:55+02:00,"Florian Pauler",Hippenmeyer,27829,19701,1,Completed,1,15,0,qpcr,21714,287,no_spikeins,1,,None,Standard,,7,4,2025-10-28T12:45:42+01:00,,,,R19701_1,534248,Completed,19701,366475,1,1,0,7,4,0,,2025-10-28T12:45:38+01:00,,366475,Illumina,Ready,G5_SetA_Pl1,"Mus musculus",RNA-Seq,Cx,"single cell",M11-Emx1creER,,,,,"Florian Pauler",Hippenmeyer,none,"none Illumina",,100-700,200-1000,1,0,Standard,"IDT-ILMN Nextera DNA UD Indexes v3",7039,5039,,CAATCGGCTG,GCTGTAGGAA,,2025-10-21T00:00:00+02:00,2025-10-22T00:00:00+02:00,2025-10-22T13:35:13+02:00
19701,"Florian Pauler",Hippenmeyer,Completed,Illumina,0,"NovaSeqX 10B XP flowcell PairedEnd 150 - single lane",1,,,-,"~40 yl of 11nM, library. Smart-Seq v3. PhiX requested to be 15%",287,2025-10-20T00:00:00+02:00,2025-10-21T00:00:00+02:00,2025-10-28T00:00:00+01:00,7,2025-10-28T12:45:42+01:00,3575,"Organoid PatchSeq",,131,12,2025-10-18T12:25:42+02:00,,Created,,1,2025-10-20T00:00:00+02:00,2025-10-20T13:54:55+02:00,"Florian Pauler",Hippenmeyer,27829,19701,1,Completed,1,15,0,qpcr,21714,287,no_spikeins,1,,None,Standard,,7,4,2025-10-28T12:45:42+01:00,,,,R19701_1,534249,Completed,19701,366474,1,1,0,7,4,0,,2025-10-28T12:45:38+01:00,,366474,Illumina,Ready,F5_SetA_Pl1,"Mus musculus",RNA-Seq,Cx,"single cell",M11-Emx1creER,,,,,"Florian Pauler",Hippenmeyer,none,"none Illumina",,100-700,200-1000,1,0,Standard,"IDT-ILMN Nextera DNA UD Indexes v3",7038,5038,,GTGCAGACAG,TACCATCCGT,,2025-10-21T00:00:00+02:00,2025-10-22T00:00:00+02:00,2025-10-22T13:35:14+02:00
19701,"Florian Pauler",Hippenmeyer,Completed,Illumina,0,"NovaSeqX 10B XP flowcell PairedEnd 150 - single lane",1,,,-,"~40 yl of 11nM, library. Smart-Seq v3. PhiX requested to be 15%",287,2025-10-20T00:00:00+02:00,2025-10-21T00:00:00+02:00,2025-10-28T00:00:00+01:00,7,2025-10-28T12:45:42+01:00,3575,"Organoid PatchSeq",,131,12,2025-10-18T12:25:42+02:00,,Created,,1,2025-10-20T00:00:00+02:00,2025-10-20T13:54:55+02:00,"Florian Pauler",Hippenmeyer,27829,19701,1,Completed,1,15,0,qpcr,21714,287,no_spikeins,1,,None,Standard,,7,4,2025-10-28T12:45:42+01:00,,,,R19701_1,534250,Completed,19701,366473,1,1,0,7,4,0,,2025-10-28T12:45:39+01:00,,366473,Illumina,Ready,E5_SetA_Pl1,"Mus musculus",RNA-Seq,Cx,"single cell",M11-Emx1creER,,,,,"Florian Pauler",Hippenmeyer,none,"none Illumina",,100-700,200-1000,1,0,Standard,"IDT-ILMN Nextera DNA UD Indexes v3",7037,5037,,TGTAATCGAC,GATCACCGCG,,2025-10-21T00:00:00+02:00,2025-10-22T00:00:00+02:00,2025-10-22T13:35:14+02:00
19701,"Florian Pauler",Hippenmeyer,Completed,Illumina,0,"NovaSeqX 10B XP flowcell PairedEnd 150 - single lane",1,,,-,"~40 yl of 11nM, library. Smart-Seq v3. PhiX requested to be 15%",287,2025-10-20T00:00:00+02:00,2025-10-21T00:00:00+02:00,2025-10-28T00:00:00+01:00,7,2025-10-28T12:45:42+01:00,3575,"Organoid PatchSeq",,131,12,2025-10-18T12:25:42+02:00,,Created,,1,2025-10-20T00:00:00+02:00,2025-10-20T13:54:55+02:00,"Florian Pauler",Hippenmeyer,27829,19701,1,Completed,1,15,0,qpcr,21714,287,no_spikeins,1,,None,Standard,,7,4,2025-10-28T12:45:42+01:00,,,,R19701_1,534025,Completed,19701,366698,1,1,0,7,4,0,,2025-10-28T12:45:16+01:00,,366698,Illumina,Ready,F9_SetC_Pl3,"Mus musculus",RNA-Seq,Cx,"single cell",M11-Emx1creER,,,,,"Florian Pauler",Hippenmeyer,none,"none Illumina",,100-700,200-1000,1,0,Standard,"IDT-ILMN Nextera DNA UD Indexes v3",7262,5262,,TTAGACCATG,TCCTAGGAAG,,2025-10-21T00:00:00+02:00,2025-10-22T00:00:00+02:00,2025-10-22T13:34:57+02:00
19701,"Florian Pauler",Hippenmeyer,Completed,Illumina,0,"NovaSeqX 10B XP flowcell PairedEnd 150 - single lane",1,,,-,"~40 yl of 11nM, library. Smart-Seq v3. PhiX requested to be 15%",287,2025-10-20T00:00:00+02:00,2025-10-21T00:00:00+02:00,2025-10-28T00:00:00+01:00,7,2025-10-28T12:45:42+01:00,3575,"Organoid PatchSeq",,131,12,2025-10-18T12:25:42+02:00,,Created,,1,2025-10-20T00:00:00+02:00,2025-10-20T13:54:55+02:00,"Florian Pauler",Hippenmeyer,27829,19701,1,Completed,1,15,0,qpcr,21714,287,no_spikeins,1,,None,Standard,,7,4,2025-10-28T12:45:42+01:00,,,,R19701_1,534105,Completed,19701,366618,1,1,0,7,4,0,,2025-10-28T12:45:24+01:00,,366618,Illumina,Ready,F11_SetB_Pl2,"Mus musculus",RNA-Seq,Cx,"single cell",M11-Emx1creER,,,,,"Florian Pauler",Hippenmeyer,none,"none Illumina",,100-700,200-1000,1,0,Standard,"IDT-ILMN Nextera DNA UD Indexes v3",7182,5182,,AATTCTTGGA,TTGTCAACTT,,2025-10-21T00:00:00+02:00,2025-10-22T00:00:00+02:00,2025-10-22T13:35:11+02:00
19701,"Florian Pauler",Hippenmeyer,Completed,Illumina,0,"NovaSeqX 10B XP flowcell PairedEnd 150 - single lane",1,,,-,"~40 yl of 11nM, library. Smart-Seq v3. PhiX requested to be 15%",287,2025-10-20T00:00:00+02:00,2025-10-21T00:00:00+02:00,2025-10-28T00:00:00+01:00,7,2025-10-28T12:45:42+01:00,3575,"Organoid PatchSeq",,131,12,2025-10-18T12:25:42+02:00,,Created,,1,2025-10-20T00:00:00+02:00,2025-10-20T13:54:55+02:00,"Florian Pauler",Hippenmeyer,27829,19701,1,Completed,1,15,0,qpcr,21714,287,no_spikeins,1,,None,Standard,,7,4,2025-10-28T12:45:42+01:00,,,,R19701_1,534106,Completed,19701,366617,1,1,0,7,4,0,,2025-10-28T12:45:24+01:00,,366617,Illumina,Ready,E11_SetB_Pl2,"Mus musculus",RNA-Seq,Cx,"single cell",M11-Emx1creER,,,,,"Florian Pauler",Hippenmeyer,none,"none Illumina",,100-700,200-1000,1,0,Standard,"IDT-ILMN Nextera DNA UD Indexes v3",7181,5181,,AATGCGAACA,AATTGGCGGA,,2025-10-21T00:00:00+02:00,2025-10-22T00:00:00+02:00,2025-10-22T13:35:11+02:00
19701,"Florian Pauler",Hippenmeyer,Completed,Illumina,0,"NovaSeqX 10B XP flowcell PairedEnd 150 - single lane",1,,,-,"~40 yl of 11nM, library. Smart-Seq v3. PhiX requested to be 15%",287,2025-10-20T00:00:00+02:00,2025-10-21T00:00:00+02:00,2025-10-28T00:00:00+01:00,7,2025-10-28T12:45:42+01:00,3575,"Organoid PatchSeq",,131,12,2025-10-18T12:25:42+02:00,,Created,,1,2025-10-20T00:00:00+02:00,2025-10-20T13:54:55+02:00,"Florian Pauler",Hippenmeyer,27829,19701,1,Completed,1,15,0,qpcr,21714,287,no_spikeins,1,,None,Standard,,7,4,2025-10-28T12:45:42+01:00,,,,R19701_1,534107,Completed,19701,366616,1,1,0,7,4,0,,2025-10-28T12:45:24+01:00,,366616,Illumina,Ready,D11_SetB_Pl2,"Mus musculus",RNA-Seq,Cx,"single cell",M11-Emx1creER,,,,,"Florian Pauler",Hippenmeyer,none,"none Illumina",,100-700,200-1000,1,0,Standard,"IDT-ILMN Nextera DNA UD Indexes v3",7180,5180,,CGCTGTCTCA,ATTACTCACC,,2025-10-21T00:00:00+02:00,2025-10-22T00:00:00+02:00,2025-10-22T13:35:11+02:00
19701,"Florian Pauler",Hippenmeyer,Completed,Illumina,0,"NovaSeqX 10B XP flowcell PairedEnd 150 - single lane",1,,,-,"~40 yl of 11nM, library. Smart-Seq v3. PhiX requested to be 15%",287,2025-10-20T00:00:00+02:00,2025-10-21T00:00:00+02:00,2025-10-28T00:00:00+01:00,7,2025-10-28T12:45:42+01:00,3575,"Organoid PatchSeq",,131,12,2025-10-18T12:25:42+02:00,,Created,,1,2025-10-20T00:00:00+02:00,2025-10-20T13:54:55+02:00,"Florian Pauler",Hippenmeyer,27829,19701,1,Completed,1,15,0,qpcr,21714,287,no_spikeins,1,,None,Standard,,7,4,2025-10-28T12:45:42+01:00,,,,R19701_1,534110,Completed,19701,366613,1,1,0,7,4,0,,2025-10-28T12:45:25+01:00,,366613,Illumina,Ready,A11_SetB_Pl2,"Mus musculus",RNA-Seq,Cx,"single cell",M11-Emx1creER,,,,,"Florian Pauler",Hippenmeyer,none,"none Illumina",,100-700,200-1000,1,0,Standard,"IDT-ILMN Nextera DNA UD Indexes v3",7177,5177,,CTCGAATATA,GAGATGTCGA,,2025-10-21T00:00:00+02:00,2025-10-22T00:00:00+02:00,2025-10-22T13:35:12+02:00
19701,"Florian Pauler",Hippenmeyer,Completed,Illumina,0,"NovaSeqX 10B XP flowcell PairedEnd 150 - single lane",1,,,-,"~40 yl of 11nM, library. Smart-Seq v3. PhiX requested to be 15%",287,2025-10-20T00:00:00+02:00,2025-10-21T00:00:00+02:00,2025-10-28T00:00:00+01:00,7,2025-10-28T12:45:42+01:00,3575,"Organoid PatchSeq",,131,12,2025-10-18T12:25:42+02:00,,Created,,1,2025-10-20T00:00:00+02:00,2025-10-20T13:54:55+02:00,"Florian Pauler",Hippenmeyer,27829,19701,1,Completed,1,15,0,qpcr,21714,287,no_spikeins,1,,None,Standard,,7,4,2025-10-28T12:45:42+01:00,,,,R19701_1,534111,Completed,19701,366612,1,1,0,7,4,0,,2025-10-28T12:45:25+01:00,,366612,Illumina,Ready,H10_SetB_Pl2,"Mus musculus",RNA-Seq,Cx,"single cell",M11-Emx1creER,,,,,"Florian Pauler",Hippenmeyer,none,"none Illumina",,100-700,200-1000,1,0,Standard,"IDT-ILMN Nextera DNA UD Indexes v3",7176,5176,,CCTTCTAACA,GATAAGCTCT,,2025-10-21T00:00:00+02:00,2025-10-22T00:00:00+02:00,2025-10-22T13:35:12+02:00
19701,"Florian Pauler",Hippenmeyer,Completed,Illumina,0,"NovaSeqX 10B XP flowcell PairedEnd 150 - single lane",1,,,-,"~40 yl of 11nM, library. Smart-Seq v3. PhiX requested to be 15%",287,2025-10-20T00:00:00+02:00,2025-10-21T00:00:00+02:00,2025-10-28T00:00:00+01:00,7,2025-10-28T12:45:42+01:00,3575,"Organoid PatchSeq",,131,12,2025-10-18T12:25:42+02:00,,Created,,1,2025-10-20T00:00:00+02:00,2025-10-20T13:54:55+02:00,"Florian Pauler",Hippenmeyer,27829,19701,1,Completed,1,15,0,qpcr,21714,287,no_spikeins,1,,None,Standard,,7,4,2025-10-28T12:45:42+01:00,,,,R19701_1,534112,Completed,19701,366611,1,1,0,7,4,0,,2025-10-28T12:45:25+01:00,,366611,Illumina,Ready,G10_SetB_Pl2,"Mus musculus",RNA-Seq,Cx,"single cell",M11-Emx1creER,,,,,"Florian Pauler",Hippenmeyer,none,"none Illumina",,100-700,200-1000,1,0,Standard,"IDT-ILMN Nextera DNA UD Indexes v3",7175,5175,,GGACCAGTGG,CGCGAGCCTA,,2025-10-21T00:00:00+02:00,2025-10-22T00:00:00+02:00,2025-10-22T13:35:12+02:00
19701,"Florian Pauler",Hippenmeyer,Completed,Illumina,0,"NovaSeqX 10B XP flowcell PairedEnd 150 - single lane",1,,,-,"~40 yl of 11nM, library. Smart-Seq v3. PhiX requested to be 15%",287,2025-10-20T00:00:00+02:00,2025-10-21T00:00:00+02:00,2025-10-28T00:00:00+01:00,7,2025-10-28T12:45:42+01:00,3575,"Organoid PatchSeq",,131,12,2025-10-18T12:25:42+02:00,,Created,,1,2025-10-20T00:00:00+02:00,2025-10-20T13:54:55+02:00,"Florian Pauler",Hippenmeyer,27829,19701,1,Completed,1,15,0,qpcr,21714,287,no_spikeins,1,,None,Standard,,7,4,2025-10-28T12:45:42+01:00,,,,R19701_1,534193,Completed,19701,366530,1,1,0,7,4,0,,2025-10-28T12:45:33+01:00,,366530,Illumina,Ready,F12_SetA_Pl1,"Mus musculus",RNA-Seq,Cx,"single cell",M11-Emx1creER,,,,,"Florian Pauler",Hippenmeyer,none,"none Illumina",,100-700,200-1000,1,0,Standard,"IDT-ILMN Nextera DNA UD Indexes v3",7094,5094,,TCATAGATTG,GATTAAGGTG,,2025-10-21T00:00:00+02:00,2025-10-22T00:00:00+02:00,2025-10-22T13:35:33+02:00
19701,"Florian Pauler",Hippenmeyer,Completed,Illumina,0,"NovaSeqX 10B XP flowcell PairedEnd 150 - single lane",1,,,-,"~40 yl of 11nM, library. Smart-Seq v3. PhiX requested to be 15%",287,2025-10-20T00:00:00+02:00,2025-10-21T00:00:00+02:00,2025-10-28T00:00:00+01:00,7,2025-10-28T12:45:42+01:00,3575,"Organoid PatchSeq",,131,12,2025-10-18T12:25:42+02:00,,Created,,1,2025-10-20T00:00:00+02:00,2025-10-20T13:54:55+02:00,"Florian Pauler",Hippenmeyer,27829,19701,1,Completed,1,15,0,qpcr,21714,287,no_spikeins,1,,None,Standard,,7,4,2025-10-28T12:45:42+01:00,,,,R19701_1,534194,Completed,19701,366529,1,1,0,7,4,0,,2025-10-28T12:45:33+01:00,,366529,Illumina,Ready,E12_SetA_Pl1,"Mus musculus",RNA-Seq,Cx,"single cell",M11-Emx1creER,,,,,"Florian Pauler",Hippenmeyer,none,"none Illumina",,100-700,200-1000,1,0,Standard,"IDT-ILMN Nextera DNA UD Indexes v3",7093,5093,,ACATATCCAG,TATGTGCAAT,,2025-10-21T00:00:00+02:00,2025-10-22T00:00:00+02:00,2025-10-22T13:35:33+02:00
19701,"Florian Pauler",Hippenmeyer,Completed,Illumina,0,"NovaSeqX 10B XP flowcell PairedEnd 150 - single lane",1,,,-,"~40 yl of 11nM, library. Smart-Seq v3. PhiX requested to be 15%",287,2025-10-20T00:00:00+02:00,2025-10-21T00:00:00+02:00,2025-10-28T00:00:00+01:00,7,2025-10-28T12:45:42+01:00,3575,"Organoid PatchSeq",,131,12,2025-10-18T12:25:42+02:00,,Created,,1,2025-10-20T00:00:00+02:00,2025-10-20T13:54:55+02:00,"Florian Pauler",Hippenmeyer,27829,19701,1,Completed,1,15,0,qpcr,21714,287,no_spikeins,1,,None,Standard,,7,4,2025-10-28T12:45:42+01:00,,,,R19701_1,534195,Completed,19701,366528,1,1,0,7,4,0,,2025-10-28T12:45:33+01:00,,366528,Illumina,Ready,D12_SetA_Pl1,"Mus musculus",RNA-Seq,Cx,"single cell",M11-Emx1creER,,,,,"Florian Pauler",Hippenmeyer,none,"none Illumina",,100-700,200-1000,1,0,Standard,"IDT-ILMN Nextera DNA UD Indexes v3",7092,5092,,GCGTTGGTAT,ACATACTTCC,,2025-10-21T00:00:00+02:00,2025-10-22T00:00:00+02:00,2025-10-22T13:35:33+02:00
19701,"Florian Pauler",Hippenmeyer,Completed,Illumina,0,"NovaSeqX 10B XP flowcell PairedEnd 150 - single lane",1,,,-,"~40 yl of 11nM, library. Smart-Seq v3. PhiX requested to be 15%",287,2025-10-20T00:00:00+02:00,2025-10-21T00:00:00+02:00,2025-10-28T00:00:00+01:00,7,2025-10-28T12:45:42+01:00,3575,"Organoid PatchSeq",,131,12,2025-10-18T12:25:42+02:00,,Created,,1,2025-10-20T00:00:00+02:00,2025-10-20T13:54:55+02:00,"Florian Pauler",Hippenmeyer,27829,19701,1,Completed,1,15,0,qpcr,21714,287,no_spikeins,1,,None,Standard,,7,4,2025-10-28T12:45:42+01:00,,,,R19701_1,534196,Completed,19701,366527,1,1,0,7,4,0,,2025-10-28T12:45:33+01:00,,366527,Illumina,Ready,C12_SetA_Pl1,"Mus musculus",RNA-Seq,Cx,"single cell",M11-Emx1creER,,,,,"Florian Pauler",Hippenmeyer,none,"none Illumina",,100-700,200-1000,1,0,Standard,"IDT-ILMN Nextera DNA UD Indexes v3",7091,5091,,TCAGAAGGCG,GGCCATCATA,,2025-10-21T00:00:00+02:00,2025-10-22T00:00:00+02:00,2025-10-22T13:35:33+02:00
19701,"Florian Pauler",Hippenmeyer,Completed,Illumina,0,"NovaSeqX 10B XP flowcell PairedEnd 150 - single lane",1,,,-,"~40 yl of 11nM, library. Smart-Seq v3. PhiX requested to be 15%",287,2025-10-20T00:00:00+02:00,2025-10-21T00:00:00+02:00,2025-10-28T00:00:00+01:00,7,2025-10-28T12:45:42+01:00,3575,"Organoid PatchSeq",,131,12,2025-10-18T12:25:42+02:00,,Created,,1,2025-10-20T00:00:00+02:00,2025-10-20T13:54:55+02:00,"Florian Pauler",Hippenmeyer,27829,19701,1,Completed,1,15,0,qpcr,21714,287,no_spikeins,1,,None,Standard,,7,4,2025-10-28T12:45:42+01:00,,,,R19701_1,534197,Completed,19701,366526,1,1,0,7,4,0,,2025-10-28T12:45:33+01:00,,366526,Illumina,Ready,B12_SetA_Pl1,"Mus musculus",RNA-Seq,Cx,"single cell",M11-Emx1creER,,,,,"Florian Pauler",Hippenmeyer,none,"none Illumina",,100-700,200-1000,1,0,Standard,"IDT-ILMN Nextera DNA UD Indexes v3",7090,5090,,ACTTCAAGCG,GAACCATGAA,,2025-10-21T00:00:00+02:00,2025-10-22T00:00:00+02:00,2025-10-22T13:35:33+02:00
19701,"Florian Pauler",Hippenmeyer,Completed,Illumina,0,"NovaSeqX 10B XP flowcell PairedEnd 150 - single lane",1,,,-,"~40 yl of 11nM, library. Smart-Seq v3. PhiX requested to be 15%",287,2025-10-20T00:00:00+02:00,2025-10-21T00:00:00+02:00,2025-10-28T00:00:00+01:00,7,2025-10-28T12:45:42+01:00,3575,"Organoid PatchSeq",,131,12,2025-10-18T12:25:42+02:00,,Created,,1,2025-10-20T00:00:00+02:00,2025-10-20T13:54:55+02:00,"Florian Pauler",Hippenmeyer,27829,19701,1,Completed,1,15,0,qpcr,21714,287,no_spikeins,1,,None,Standard,,7,4,2025-10-28T12:45:42+01:00,,,,R19701_1,534198,Completed,19701,366525,1,1,0,7,4,0,,2025-10-28T12:45:33+01:00,,366525,Illumina,Ready,A12_SetA_Pl1,"Mus musculus",RNA-Seq,Cx,"single cell",M11-Emx1creER,,,,,"Florian Pauler",Hippenmeyer,none,"none Illumina",,100-700,200-1000,1,0,Standard,"IDT-ILMN Nextera DNA UD Indexes v3",7089,5089,,GTCCGTAAGC,CGTGTATCTT,,2025-10-21T00:00:00+02:00,2025-10-22T00:00:00+02:00,2025-10-22T13:35:34+02:00
19701,"Florian Pauler",Hippenmeyer,Completed,Illumina,0,"NovaSeqX 10B XP flowcell PairedEnd 150 - single lane",1,,,-,"~40 yl of 11nM, library. Smart-Seq v3. PhiX requested to be 15%",287,2025-10-20T00:00:00+02:00,2025-10-21T00:00:00+02:00,2025-10-28T00:00:00+01:00,7,2025-10-28T12:45:42+01:00,3575,"Organoid PatchSeq",,131,12,2025-10-18T12:25:42+02:00,,Created,,1,2025-10-20T00:00:00+02:00,2025-10-20T13:54:55+02:00,"Florian Pauler",Hippenmeyer,27829,19701,1,Completed,1,15,0,qpcr,21714,287,no_spikeins,1,,None,Standard,,7,4,2025-10-28T12:45:42+01:00,,,,R19701_1,534199,Completed,19701,366524,1,1,0,7,4,0,,2025-10-28T12:45:33+01:00,,366524,Illumina,Ready,H11_SetA_Pl1,"Mus musculus",RNA-Seq,Cx,"single cell",M11-Emx1creER,,,,,"Florian Pauler",Hippenmeyer,none,"none Illumina",,100-700,200-1000,1,0,Standard,"IDT-ILMN Nextera DNA UD Indexes v3",7088,5088,,GGAGCGTGTA,ATCCGTAAGT,,2025-10-21T00:00:00+02:00,2025-10-22T00:00:00+02:00,2025-10-22T13:35:34+02:00
19701,"Florian Pauler",Hippenmeyer,Completed,Illumina,0,"NovaSeqX 10B XP flowcell PairedEnd 150 - single lane",1,,,-,"~40 yl of 11nM, library. Smart-Seq v3. PhiX requested to be 15%",287,2025-10-20T00:00:00+02:00,2025-10-21T00:00:00+02:00,2025-10-28T00:00:00+01:00,7,2025-10-28T12:45:42+01:00,3575,"Organoid PatchSeq",,131,12,2025-10-18T12:25:42+02:00,,Created,,1,2025-10-20T00:00:00+02:00,2025-10-20T13:54:55+02:00,"Florian Pauler",Hippenmeyer,27829,19701,1,Completed,1,15,0,qpcr,21714,287,no_spikeins,1,,None,Standard,,7,4,2025-10-28T12:45:42+01:00,,,,R19701_1,534200,Completed,19701,366523,1,1,0,7,4,0,,2025-10-28T12:45:34+01:00,,366523,Illumina,Ready,G11_SetA_Pl1,"Mus musculus",RNA-Seq,Cx,"single cell",M11-Emx1creER,,,,,"Florian Pauler",Hippenmeyer,none,"none Illumina",,100-700,200-1000,1,0,Standard,"IDT-ILMN Nextera DNA UD Indexes v3",7087,5087,,CCTCTACATG,GATACCTCCT,,2025-10-21T00:00:00+02:00,2025-10-22T00:00:00+02:00,2025-10-22T13:35:34+02:00
19701,"Florian Pauler",Hippenmeyer,Completed,Illumina,0,"NovaSeqX 10B XP flowcell PairedEnd 150 - single lane",1,,,-,"~40 yl of 11nM, library. Smart-Seq v3. PhiX requested to be 15%",287,2025-10-20T00:00:00+02:00,2025-10-21T00:00:00+02:00,2025-10-28T00:00:00+01:00,7,2025-10-28T12:45:42+01:00,3575,"Organoid PatchSeq",,131,12,2025-10-18T12:25:42+02:00,,Created,,1,2025-10-20T00:00:00+02:00,2025-10-20T13:54:55+02:00,"Florian Pauler",Hippenmeyer,27829,19701,1,Completed,1,15,0,qpcr,21714,287,no_spikeins,1,,None,Standard,,7,4,2025-10-28T12:45:42+01:00,,,,R19701_1,534201,Completed,19701,366522,1,1,0,7,4,0,,2025-10-28T12:45:34+01:00,,366522,Illumina,Ready,F11_SetA_Pl1,"Mus musculus",RNA-Seq,Cx,"single cell",M11-Emx1creER,,,,,"Florian Pauler",Hippenmeyer,none,"none Illumina",,100-700,200-1000,1,0,Standard,"IDT-ILMN Nextera DNA UD Indexes v3",7086,5086,,TTGGAATTCC,ACGTCAATAC,,2025-10-21T00:00:00+02:00,2025-10-22T00:00:00+02:00,2025-10-22T13:35:34+02:00
19701,"Florian Pauler",Hippenmeyer,Completed,Illumina,0,"NovaSeqX 10B XP flowcell PairedEnd 150 - single lane",1,,,-,"~40 yl of 11nM, library. Smart-Seq v3. PhiX requested to be 15%",287,2025-10-20T00:00:00+02:00,2025-10-21T00:00:00+02:00,2025-10-28T00:00:00+01:00,7,2025-10-28T12:45:42+01:00,3575,"Organoid PatchSeq",,131,12,2025-10-18T12:25:42+02:00,,Created,,1,2025-10-20T00:00:00+02:00,2025-10-20T13:54:55+02:00,"Florian Pauler",Hippenmeyer,27829,19701,1,Completed,1,15,0,qpcr,21714,287,no_spikeins,1,,None,Standard,,7,4,2025-10-28T12:45:42+01:00,,,,R19701_1,534202,Completed,19701,366521,1,1,0,7,4,0,,2025-10-28T12:45:34+01:00,,366521,Illumina,Ready,E11_SetA_Pl1,"Mus musculus",RNA-Seq,Cx,"single cell",M11-Emx1creER,,,,,"Florian Pauler",Hippenmeyer,none,"none Illumina",,100-700,200-1000,1,0,Standard,"IDT-ILMN Nextera DNA UD Indexes v3",7085,5085,,TGGTACCTAA,CATGAGTACT,,2025-10-21T00:00:00+02:00,2025-10-22T00:00:00+02:00,2025-10-22T13:35:34+02:00
19701,"Florian Pauler",Hippenmeyer,Completed,Illumina,0,"NovaSeqX 10B XP flowcell PairedEnd 150 - single lane",1,,,-,"~40 yl of 11nM, library. Smart-Seq v3. PhiX requested to be 15%",287,2025-10-20T00:00:00+02:00,2025-10-21T00:00:00+02:00,2025-10-28T00:00:00+01:00,7,2025-10-28T12:45:42+01:00,3575,"Organoid PatchSeq",,131,12,2025-10-18T12:25:42+02:00,,Created,,1,2025-10-20T00:00:00+02:00,2025-10-20T13:54:55+02:00,"Florian Pauler",Hippenmeyer,27829,19701,1,Completed,1,15,0,qpcr,21714,287,no_spikeins,1,,None,Standard,,7,4,2025-10-28T12:45:42+01:00,,,,R19701_1,534203,Completed,19701,366520,1,1,0,7,4,0,,2025-10-28T12:45:34+01:00,,366520,Illumina,Ready,D11_SetA_Pl1,"Mus musculus",RNA-Seq,Cx,"single cell",M11-Emx1creER,,,,,"Florian Pauler",Hippenmeyer,none,"none Illumina",,100-700,200-1000,1,0,Standard,"IDT-ILMN Nextera DNA UD Indexes v3",7084,5084,,ACTGGATCTA,TCGCCGCTAG,,2025-10-21T00:00:00+02:00,2025-10-22T00:00:00+02:00,2025-10-22T13:35:35+02:00
19701,"Florian Pauler",Hippenmeyer,Completed,Illumina,0,"NovaSeqX 10B XP flowcell PairedEnd 150 - single lane",1,,,-,"~40 yl of 11nM, library. Smart-Seq v3. PhiX requested to be 15%",287,2025-10-20T00:00:00+02:00,2025-10-21T00:00:00+02:00,2025-10-28T00:00:00+01:00,7,2025-10-28T12:45:42+01:00,3575,"Organoid PatchSeq",,131,12,2025-10-18T12:25:42+02:00,,Created,,1,2025-10-20T00:00:00+02:00,2025-10-20T13:54:55+02:00,"Florian Pauler",Hippenmeyer,27829,19701,1,Completed,1,15,0,qpcr,21714,287,no_spikeins,1,,None,Standard,,7,4,2025-10-28T12:45:42+01:00,,,,R19701_1,534204,Completed,19701,366519,1,1,0,7,4,0,,2025-10-28T12:45:34+01:00,,366519,Illumina,Ready,C11_SetA_Pl1,"Mus musculus",RNA-Seq,Cx,"single cell",M11-Emx1creER,,,,,"Florian Pauler",Hippenmeyer,none,"none Illumina",,100-700,200-1000,1,0,Standard,"IDT-ILMN Nextera DNA UD Indexes v3",7083,5083,,TATGCCTTAC,AGACACATTA,,2025-10-21T00:00:00+02:00,2025-10-22T00:00:00+02:00,2025-10-22T13:35:35+02:00
19701,"Florian Pauler",Hippenmeyer,Completed,Illumina,0,"NovaSeqX 10B XP flowcell PairedEnd 150 - single lane",1,,,-,"~40 yl of 11nM, library. Smart-Seq v3. PhiX requested to be 15%",287,2025-10-20T00:00:00+02:00,2025-10-21T00:00:00+02:00,2025-10-28T00:00:00+01:00,7,2025-10-28T12:45:42+01:00,3575,"Organoid PatchSeq",,131,12,2025-10-18T12:25:42+02:00,,Created,,1,2025-10-20T00:00:00+02:00,2025-10-20T13:54:55+02:00,"Florian Pauler",Hippenmeyer,27829,19701,1,Completed,1,15,0,qpcr,21714,287,no_spikeins,1,,None,Standard,,7,4,2025-10-28T12:45:42+01:00,,,,R19701_1,534206,Completed,19701,366517,1,1,0,7,4,0,,2025-10-28T12:45:34+01:00,,366517,Illumina,Ready,A11_SetA_Pl1,"Mus musculus",RNA-Seq,Cx,"single cell",M11-Emx1creER,,,,,"Florian Pauler",Hippenmeyer,none,"none Illumina",,100-700,200-1000,1,0,Standard,"IDT-ILMN Nextera DNA UD Indexes v3",7081,5081,,TGTCGCTGGT,TCGTCTGACT,,2025-10-21T00:00:00+02:00,2025-10-22T00:00:00+02:00,2025-10-22T13:35:35+02:00
19701,"Florian Pauler",Hippenmeyer,Completed,Illumina,0,"NovaSeqX 10B XP flowcell PairedEnd 150 - single lane",1,,,-,"~40 yl of 11nM, library. Smart-Seq v3. PhiX requested to be 15%",287,2025-10-20T00:00:00+02:00,2025-10-21T00:00:00+02:00,2025-10-28T00:00:00+01:00,7,2025-10-28T12:45:42+01:00,3575,"Organoid PatchSeq",,131,12,2025-10-18T12:25:42+02:00,,Created,,1,2025-10-20T00:00:00+02:00,2025-10-20T13:54:55+02:00,"Florian Pauler",Hippenmeyer,27829,19701,1,Completed,1,15,0,qpcr,21714,287,no_spikeins,1,,None,Standard,,7,4,2025-10-28T12:45:42+01:00,,,,R19701_1,534207,Completed,19701,366516,1,1,0,7,4,0,,2025-10-28T12:45:34+01:00,,366516,Illumina,Ready,H10_SetA_Pl1,"Mus musculus",RNA-Seq,Cx,"single cell",M11-Emx1creER,,,,,"Florian Pauler",Hippenmeyer,none,"none Illumina",,100-700,200-1000,1,0,Standard,"IDT-ILMN Nextera DNA UD Indexes v3",7080,5080,,GGCAAGCCAG,CAAGCATCCG,,2025-10-21T00:00:00+02:00,2025-10-22T00:00:00+02:00,2025-10-22T13:35:35+02:00
19701,"Florian Pauler",Hippenmeyer,Completed,Illumina,0,"NovaSeqX 10B XP flowcell PairedEnd 150 - single lane",1,,,-,"~40 yl of 11nM, library. Smart-Seq v3. PhiX requested to be 15%",287,2025-10-20T00:00:00+02:00,2025-10-21T00:00:00+02:00,2025-10-28T00:00:00+01:00,7,2025-10-28T12:45:42+01:00,3575,"Organoid PatchSeq",,131,12,2025-10-18T12:25:42+02:00,,Created,,1,2025-10-20T00:00:00+02:00,2025-10-20T13:54:55+02:00,"Florian Pauler",Hippenmeyer,27829,19701,1,Completed,1,15,0,qpcr,21714,287,no_spikeins,1,,None,Standard,,7,4,2025-10-28T12:45:42+01:00,,,,R19701_1,534209,Completed,19701,366514,1,1,0,7,4,0,,2025-10-28T12:45:34+01:00,,366514,Illumina,Ready,F10_SetA_Pl1,"Mus musculus",RNA-Seq,Cx,"single cell",M11-Emx1creER,,,,,"Florian Pauler",Hippenmeyer,none,"none Illumina",,100-700,200-1000,1,0,Standard,"IDT-ILMN Nextera DNA UD Indexes v3",7078,5078,,CATTAGTGCG,TGACTACATA,,2025-10-21T00:00:00+02:00,2025-10-22T00:00:00+02:00,2025-10-22T13:35:35+02:00
19701,"Florian Pauler",Hippenmeyer,Completed,Illumina,0,"NovaSeqX 10B XP flowcell PairedEnd 150 - single lane",1,,,-,"~40 yl of 11nM, library. Smart-Seq v3. PhiX requested to be 15%",287,2025-10-20T00:00:00+02:00,2025-10-21T00:00:00+02:00,2025-10-28T00:00:00+01:00,7,2025-10-28T12:45:42+01:00,3575,"Organoid PatchSeq",,131,12,2025-10-18T12:25:42+02:00,,Created,,1,2025-10-20T00:00:00+02:00,2025-10-20T13:54:55+02:00,"Florian Pauler",Hippenmeyer,27829,19701,1,Completed,1,15,0,qpcr,21714,287,no_spikeins,1,,None,Standard,,7,4,2025-10-28T12:45:42+01:00,,,,R19701_1,534210,Completed,19701,366513,1,1,0,7,4,0,,2025-10-28T12:45:35+01:00,,366513,Illumina,Ready,E10_SetA_Pl1,"Mus musculus",RNA-Seq,Cx,"single cell",M11-Emx1creER,,,,,"Florian Pauler",Hippenmeyer,none,"none Illumina",,100-700,200-1000,1,0,Standard,"IDT-ILMN Nextera DNA UD Indexes v3",7077,5077,,TCTGGTATCC,CGTTGCTTAC,,2025-10-21T00:00:00+02:00,2025-10-22T00:00:00+02:00,2025-10-22T13:35:36+02:00
19701,"Florian Pauler",Hippenmeyer,Completed,Illumina,0,"NovaSeqX 10B XP flowcell PairedEnd 150 - single lane",1,,,-,"~40 yl of 11nM, library. Smart-Seq v3. PhiX requested to be 15%",287,2025-10-20T00:00:00+02:00,2025-10-21T00:00:00+02:00,2025-10-28T00:00:00+01:00,7,2025-10-28T12:45:42+01:00,3575,"Organoid PatchSeq",,131,12,2025-10-18T12:25:42+02:00,,Created,,1,2025-10-20T00:00:00+02:00,2025-10-20T13:54:55+02:00,"Florian Pauler",Hippenmeyer,27829,19701,1,Completed,1,15,0,qpcr,21714,287,no_spikeins,1,,None,Standard,,7,4,2025-10-28T12:45:42+01:00,,,,R19701_1,534211,Completed,19701,366512,1,1,0,7,4,0,,2025-10-28T12:45:35+01:00,,366512,Illumina,Ready,D10_SetA_Pl1,"Mus musculus",RNA-Seq,Cx,"single cell",M11-Emx1creER,,,,,"Florian Pauler",Hippenmeyer,none,"none Illumina",,100-700,200-1000,1,0,Standard,"IDT-ILMN Nextera DNA UD Indexes v3",7076,5076,,GCGTGGATGG,TTGACCAATG,,2025-10-21T00:00:00+02:00,2025-10-22T00:00:00+02:00,2025-10-22T13:35:36+02:00
19701,"Florian Pauler",Hippenmeyer,Completed,Illumina,0,"NovaSeqX 10B XP flowcell PairedEnd 150 - single lane",1,,,-,"~40 yl of 11nM, library. Smart-Seq v3. PhiX requested to be 15%",287,2025-10-20T00:00:00+02:00,2025-10-21T00:00:00+02:00,2025-10-28T00:00:00+01:00,7,2025-10-28T12:45:42+01:00,3575,"Organoid PatchSeq",,131,12,2025-10-18T12:25:42+02:00,,Created,,1,2025-10-20T00:00:00+02:00,2025-10-20T13:54:55+02:00,"Florian Pauler",Hippenmeyer,27829,19701,1,Completed,1,15,0,qpcr,21714,287,no_spikeins,1,,None,Standard,,7,4,2025-10-28T12:45:42+01:00,,,,R19701_1,534217,Completed,19701,366506,1,1,0,7,4,0,,2025-10-28T12:45:35+01:00,,366506,Illumina,Ready,F9_SetA_Pl1,"Mus musculus",RNA-Seq,Cx,"single cell",M11-Emx1creER,,,,,"Florian Pauler",Hippenmeyer,none,"none Illumina",,100-700,200-1000,1,0,Standard,"IDT-ILMN Nextera DNA UD Indexes v3",7070,5070,,TTACTCCACA,GACACCGATG,,2025-10-21T00:00:00+02:00,2025-10-22T00:00:00+02:00,2025-10-22T13:35:37+02:00
19701,"Florian Pauler",Hippenmeyer,Completed,Illumina,0,"NovaSeqX 10B XP flowcell PairedEnd 150 - single lane",1,,,-,"~40 yl of 11nM, library. Smart-Seq v3. PhiX requested to be 15%",287,2025-10-20T00:00:00+02:00,2025-10-21T00:00:00+02:00,2025-10-28T00:00:00+01:00,7,2025-10-28T12:45:42+01:00,3575,"Organoid PatchSeq",,131,12,2025-10-18T12:25:42+02:00,,Created,,1,2025-10-20T00:00:00+02:00,2025-10-20T13:54:55+02:00,"Florian Pauler",Hippenmeyer,27829,19701,1,Completed,1,15,0,qpcr,21714,287,no_spikeins,1,,None,Standard,,7,4,2025-10-28T12:45:42+01:00,,,,R19701_1,534218,Completed,19701,366505,1,1,0,7,4,0,,2025-10-28T12:45:35+01:00,,366505,Illumina,Ready,E9_SetA_Pl1,"Mus musculus",RNA-Seq,Cx,"single cell",M11-Emx1creER,,,,,"Florian Pauler",Hippenmeyer,none,"none Illumina",,100-700,200-1000,1,0,Standard,"IDT-ILMN Nextera DNA UD Indexes v3",7069,5069,,CCAAGGCCTT,TCGAAGTACT,,2025-10-21T00:00:00+02:00,2025-10-22T00:00:00+02:00,2025-10-22T13:35:37+02:00
19701,"Florian Pauler",Hippenmeyer,Completed,Illumina,0,"NovaSeqX 10B XP flowcell PairedEnd 150 - single lane",1,,,-,"~40 yl of 11nM, library. Smart-Seq v3. PhiX requested to be 15%",287,2025-10-20T00:00:00+02:00,2025-10-21T00:00:00+02:00,2025-10-28T00:00:00+01:00,7,2025-10-28T12:45:42+01:00,3575,"Organoid PatchSeq",,131,12,2025-10-18T12:25:42+02:00,,Created,,1,2025-10-20T00:00:00+02:00,2025-10-20T13:54:55+02:00,"Florian Pauler",Hippenmeyer,27829,19701,1,Completed,1,15,0,qpcr,21714,287,no_spikeins,1,,None,Standard,,7,4,2025-10-28T12:45:42+01:00,,,,R19701_1,534219,Completed,19701,366504,1,1,0,7,4,0,,2025-10-28T12:45:35+01:00,,366504,Illumina,Ready,D9_SetA_Pl1,"Mus musculus",RNA-Seq,Cx,"single cell",M11-Emx1creER,,,,,"Florian Pauler",Hippenmeyer,none,"none Illumina",,100-700,200-1000,1,0,Standard,"IDT-ILMN Nextera DNA UD Indexes v3",7068,5068,,CACGGAACAA,AACCTAGCAC,,2025-10-21T00:00:00+02:00,2025-10-22T00:00:00+02:00,2025-10-22T13:35:37+02:00
19701,"Florian Pauler",Hippenmeyer,Completed,Illumina,0,"NovaSeqX 10B XP flowcell PairedEnd 150 - single lane",1,,,-,"~40 yl of 11nM, library. Smart-Seq v3. PhiX requested to be 15%",287,2025-10-20T00:00:00+02:00,2025-10-21T00:00:00+02:00,2025-10-28T00:00:00+01:00,7,2025-10-28T12:45:42+01:00,3575,"Organoid PatchSeq",,131,12,2025-10-18T12:25:42+02:00,,Created,,1,2025-10-20T00:00:00+02:00,2025-10-20T13:54:55+02:00,"Florian Pauler",Hippenmeyer,27829,19701,1,Completed,1,15,0,qpcr,21714,287,no_spikeins,1,,None,Standard,,7,4,2025-10-28T12:45:42+01:00,,,,R19701_1,534220,Completed,19701,366503,1,1,0,7,4,0,,2025-10-28T12:45:36+01:00,,366503,Illumina,Ready,C9_SetA_Pl1,"Mus musculus",RNA-Seq,Cx,"single cell",M11-Emx1creER,,,,,"Florian Pauler",Hippenmeyer,none,"none Illumina",,100-700,200-1000,1,0,Standard,"IDT-ILMN Nextera DNA UD Indexes v3",7067,5067,,AGGATGTGCT,TTACAATTCC,,2025-10-21T00:00:00+02:00,2025-10-22T00:00:00+02:00,2025-10-22T13:35:37+02:00
19701,"Florian Pauler",Hippenmeyer,Completed,Illumina,0,"NovaSeqX 10B XP flowcell PairedEnd 150 - single lane",1,,,-,"~40 yl of 11nM, library. Smart-Seq v3. PhiX requested to be 15%",287,2025-10-20T00:00:00+02:00,2025-10-21T00:00:00+02:00,2025-10-28T00:00:00+01:00,7,2025-10-28T12:45:42+01:00,3575,"Organoid PatchSeq",,131,12,2025-10-18T12:25:42+02:00,,Created,,1,2025-10-20T00:00:00+02:00,2025-10-20T13:54:55+02:00,"Florian Pauler",Hippenmeyer,27829,19701,1,Completed,1,15,0,qpcr,21714,287,no_spikeins,1,,None,Standard,,7,4,2025-10-28T12:45:42+01:00,,,,R19701_1,534026,Completed,19701,366697,1,1,0,7,4,0,,2025-10-28T12:45:16+01:00,,366697,Illumina,Ready,E9_SetC_Pl3,"Mus musculus",RNA-Seq,Cx,"single cell",M11-Emx1creER,,,,,"Florian Pauler",Hippenmeyer,none,"none Illumina",,100-700,200-1000,1,0,Standard,"IDT-ILMN Nextera DNA UD Indexes v3",7261,5261,,AGCGAATTAG,AGCCGGAACA,,2025-10-21T00:00:00+02:00,2025-10-22T00:00:00+02:00,2025-10-22T13:34:57+02:00
19701,"Florian Pauler",Hippenmeyer,Completed,Illumina,0,"NovaSeqX 10B XP flowcell PairedEnd 150 - single lane",1,,,-,"~40 yl of 11nM, library. Smart-Seq v3. PhiX requested to be 15%",287,2025-10-20T00:00:00+02:00,2025-10-21T00:00:00+02:00,2025-10-28T00:00:00+01:00,7,2025-10-28T12:45:42+01:00,3575,"Organoid PatchSeq",,131,12,2025-10-18T12:25:42+02:00,,Created,,1,2025-10-20T00:00:00+02:00,2025-10-20T13:54:55+02:00,"Florian Pauler",Hippenmeyer,27829,19701,1,Completed,1,15,0,qpcr,21714,287,no_spikeins,1,,None,Standard,,7,4,2025-10-28T12:45:42+01:00,,,,R19701_1,534027,Completed,19701,366696,1,1,0,7,4,0,,2025-10-28T12:45:16+01:00,,366696,Illumina,Ready,D9_SetC_Pl3,"Mus musculus",RNA-Seq,Cx,"single cell",M11-Emx1creER,,,,,"Florian Pauler",Hippenmeyer,none,"none Illumina",,100-700,200-1000,1,0,Standard,"IDT-ILMN Nextera DNA UD Indexes v3",7260,5260,,GGCGCCATTG,ACCGCGCAAT,,2025-10-21T00:00:00+02:00,2025-10-22T00:00:00+02:00,2025-10-22T13:34:57+02:00
19701,"Florian Pauler",Hippenmeyer,Completed,Illumina,0,"NovaSeqX 10B XP flowcell PairedEnd 150 - single lane",1,,,-,"~40 yl of 11nM, library. Smart-Seq v3. PhiX requested to be 15%",287,2025-10-20T00:00:00+02:00,2025-10-21T00:00:00+02:00,2025-10-28T00:00:00+01:00,7,2025-10-28T12:45:42+01:00,3575,"Organoid PatchSeq",,131,12,2025-10-18T12:25:42+02:00,,Created,,1,2025-10-20T00:00:00+02:00,2025-10-20T13:54:55+02:00,"Florian Pauler",Hippenmeyer,27829,19701,1,Completed,1,15,0,qpcr,21714,287,no_spikeins,1,,None,Standard,,7,4,2025-10-28T12:45:42+01:00,,,,R19701_1,534028,Completed,19701,366695,1,1,0,7,4,0,,2025-10-28T12:45:17+01:00,,366695,Illumina,Ready,C9_SetC_Pl3,"Mus musculus",RNA-Seq,Cx,"single cell",M11-Emx1creER,,,,,"Florian Pauler",Hippenmeyer,none,"none Illumina",,100-700,200-1000,1,0,Standard,"IDT-ILMN Nextera DNA UD Indexes v3",7259,5259,,TCATACCGTT,GGTAACGCAG,,2025-10-21T00:00:00+02:00,2025-10-22T00:00:00+02:00,2025-10-22T13:34:57+02:00
19701,"Florian Pauler",Hippenmeyer,Completed,Illumina,0,"NovaSeqX 10B XP flowcell PairedEnd 150 - single lane",1,,,-,"~40 yl of 11nM, library. Smart-Seq v3. PhiX requested to be 15%",287,2025-10-20T00:00:00+02:00,2025-10-21T00:00:00+02:00,2025-10-28T00:00:00+01:00,7,2025-10-28T12:45:42+01:00,3575,"Organoid PatchSeq",,131,12,2025-10-18T12:25:42+02:00,,Created,,1,2025-10-20T00:00:00+02:00,2025-10-20T13:54:55+02:00,"Florian Pauler",Hippenmeyer,27829,19701,1,Completed,1,15,0,qpcr,21714,287,no_spikeins,1,,None,Standard,,7,4,2025-10-28T12:45:42+01:00,,,,R19701_1,534037,Completed,19701,366686,1,1,0,7,4,0,,2025-10-28T12:45:17+01:00,,366686,Illumina,Ready,B8_SetC_Pl3,"Mus musculus",RNA-Seq,Cx,"single cell",M11-Emx1creER,,,,,"Florian Pauler",Hippenmeyer,none,"none Illumina",,100-700,200-1000,1,0,Standard,"IDT-ILMN Nextera DNA UD Indexes v3",7250,5250,,CAACGTTCGG,GGATCCGCAT,,2025-10-21T00:00:00+02:00,2025-10-22T00:00:00+02:00,2025-10-22T13:34:59+02:00
19701,"Florian Pauler",Hippenmeyer,Completed,Illumina,0,"NovaSeqX 10B XP flowcell PairedEnd 150 - single lane",1,,,-,"~40 yl of 11nM, library. Smart-Seq v3. PhiX requested to be 15%",287,2025-10-20T00:00:00+02:00,2025-10-21T00:00:00+02:00,2025-10-28T00:00:00+01:00,7,2025-10-28T12:45:42+01:00,3575,"Organoid PatchSeq",,131,12,2025-10-18T12:25:42+02:00,,Created,,1,2025-10-20T00:00:00+02:00,2025-10-20T13:54:55+02:00,"Florian Pauler",Hippenmeyer,27829,19701,1,Completed,1,15,0,qpcr,21714,287,no_spikeins,1,,None,Standard,,7,4,2025-10-28T12:45:42+01:00,,,,R19701_1,534038,Completed,19701,366685,1,1,0,7,4,0,,2025-10-28T12:45:18+01:00,,366685,Illumina,Ready,A8_SetC_Pl3,"Mus musculus",RNA-Seq,Cx,"single cell",M11-Emx1creER,,,,,"Florian Pauler",Hippenmeyer,none,"none Illumina",,100-700,200-1000,1,0,Standard,"IDT-ILMN Nextera DNA UD Indexes v3",7249,5249,,ATGTCCAGCA,CAGCGGACAA,,2025-10-21T00:00:00+02:00,2025-10-22T00:00:00+02:00,2025-10-22T13:34:59+02:00
19701,"Florian Pauler",Hippenmeyer,Completed,Illumina,0,"NovaSeqX 10B XP flowcell PairedEnd 150 - single lane",1,,,-,"~40 yl of 11nM, library. Smart-Seq v3. PhiX requested to be 15%",287,2025-10-20T00:00:00+02:00,2025-10-21T00:00:00+02:00,2025-10-28T00:00:00+01:00,7,2025-10-28T12:45:42+01:00,3575,"Organoid PatchSeq",,131,12,2025-10-18T12:25:42+02:00,,Created,,1,2025-10-20T00:00:00+02:00,2025-10-20T13:54:55+02:00,"Florian Pauler",Hippenmeyer,27829,19701,1,Completed,1,15,0,qpcr,21714,287,no_spikeins,1,,None,Standard,,7,4,2025-10-28T12:45:42+01:00,,,,R19701_1,534039,Completed,19701,366684,1,1,0,7,4,0,,2025-10-28T12:45:18+01:00,,366684,Illumina,Ready,H7_SetC_Pl3,"Mus musculus",RNA-Seq,Cx,"single cell",M11-Emx1creER,,,,,"Florian Pauler",Hippenmeyer,none,"none Illumina",,100-700,200-1000,1,0,Standard,"IDT-ILMN Nextera DNA UD Indexes v3",7248,5248,,TCCAGAGATC,CTGCACTTCA,,2025-10-21T00:00:00+02:00,2025-10-22T00:00:00+02:00,2025-10-22T13:34:59+02:00
19701,"Florian Pauler",Hippenmeyer,Completed,Illumina,0,"NovaSeqX 10B XP flowcell PairedEnd 150 - single lane",1,,,-,"~40 yl of 11nM, library. Smart-Seq v3. PhiX requested to be 15%",287,2025-10-20T00:00:00+02:00,2025-10-21T00:00:00+02:00,2025-10-28T00:00:00+01:00,7,2025-10-28T12:45:42+01:00,3575,"Organoid PatchSeq",,131,12,2025-10-18T12:25:42+02:00,,Created,,1,2025-10-20T00:00:00+02:00,2025-10-20T13:54:55+02:00,"Florian Pauler",Hippenmeyer,27829,19701,1,Completed,1,15,0,qpcr,21714,287,no_spikeins,1,,None,Standard,,7,4,2025-10-28T12:45:42+01:00,,,,R19701_1,534040,Completed,19701,366683,1,1,0,7,4,0,,2025-10-28T12:45:18+01:00,,366683,Illumina,Ready,G7_SetC_Pl3,"Mus musculus",RNA-Seq,Cx,"single cell",M11-Emx1creER,,,,,"Florian Pauler",Hippenmeyer,none,"none Illumina",,100-700,200-1000,1,0,Standard,"IDT-ILMN Nextera DNA UD Indexes v3",7247,5247,,ATGGCGTGCC,CGCTTGAAGT,,2025-10-21T00:00:00+02:00,2025-10-22T00:00:00+02:00,2025-10-22T13:35:00+02:00
19701,"Florian Pauler",Hippenmeyer,Completed,Illumina,0,"NovaSeqX 10B XP flowcell PairedEnd 150 - single lane",1,,,-,"~40 yl of 11nM, library. Smart-Seq v3. PhiX requested to be 15%",287,2025-10-20T00:00:00+02:00,2025-10-21T00:00:00+02:00,2025-10-28T00:00:00+01:00,7,2025-10-28T12:45:42+01:00,3575,"Organoid PatchSeq",,131,12,2025-10-18T12:25:42+02:00,,Created,,1,2025-10-20T00:00:00+02:00,2025-10-20T13:54:55+02:00,"Florian Pauler",Hippenmeyer,27829,19701,1,Completed,1,15,0,qpcr,21714,287,no_spikeins,1,,None,Standard,,7,4,2025-10-28T12:45:42+01:00,,,,R19701_1,534041,Completed,19701,366682,1,1,0,7,4,0,,2025-10-28T12:45:18+01:00,,366682,Illumina,Ready,F7_SetC_Pl3,"Mus musculus",RNA-Seq,Cx,"single cell",M11-Emx1creER,,,,,"Florian Pauler",Hippenmeyer,none,"none Illumina",,100-700,200-1000,1,0,Standard,"IDT-ILMN Nextera DNA UD Indexes v3",7246,5246,,ATTATCCACT,TACGCACGTA,,2025-10-21T00:00:00+02:00,2025-10-22T00:00:00+02:00,2025-10-22T13:35:00+02:00
19701,"Florian Pauler",Hippenmeyer,Completed,Illumina,0,"NovaSeqX 10B XP flowcell PairedEnd 150 - single lane",1,,,-,"~40 yl of 11nM, library. Smart-Seq v3. PhiX requested to be 15%",287,2025-10-20T00:00:00+02:00,2025-10-21T00:00:00+02:00,2025-10-28T00:00:00+01:00,7,2025-10-28T12:45:42+01:00,3575,"Organoid PatchSeq",,131,12,2025-10-18T12:25:42+02:00,,Created,,1,2025-10-20T00:00:00+02:00,2025-10-20T13:54:55+02:00,"Florian Pauler",Hippenmeyer,27829,19701,1,Completed,1,15,0,qpcr,21714,287,no_spikeins,1,,None,Standard,,7,4,2025-10-28T12:45:42+01:00,,,,R19701_1,534042,Completed,19701,366681,1,1,0,7,4,0,,2025-10-28T12:45:18+01:00,,366681,Illumina,Ready,E7_SetC_Pl3,"Mus musculus",RNA-Seq,Cx,"single cell",M11-Emx1creER,,,,,"Florian Pauler",Hippenmeyer,none,"none Illumina",,100-700,200-1000,1,0,Standard,"IDT-ILMN Nextera DNA UD Indexes v3",7245,5245,,CACTAGACCA,ACTGCCTTAT,,2025-10-21T00:00:00+02:00,2025-10-22T00:00:00+02:00,2025-10-22T13:35:00+02:00
19701,"Florian Pauler",Hippenmeyer,Completed,Illumina,0,"NovaSeqX 10B XP flowcell PairedEnd 150 - single lane",1,,,-,"~40 yl of 11nM, library. Smart-Seq v3. PhiX requested to be 15%",287,2025-10-20T00:00:00+02:00,2025-10-21T00:00:00+02:00,2025-10-28T00:00:00+01:00,7,2025-10-28T12:45:42+01:00,3575,"Organoid PatchSeq",,131,12,2025-10-18T12:25:42+02:00,,Created,,1,2025-10-20T00:00:00+02:00,2025-10-20T13:54:55+02:00,"Florian Pauler",Hippenmeyer,27829,19701,1,Completed,1,15,0,qpcr,21714,287,no_spikeins,1,,None,Standard,,7,4,2025-10-28T12:45:42+01:00,,,,R19701_1,534043,Completed,19701,366680,1,1,0,7,4,0,,2025-10-28T12:45:18+01:00,,366680,Illumina,Ready,D7_SetC_Pl3,"Mus musculus",RNA-Seq,Cx,"single cell",M11-Emx1creER,,,,,"Florian Pauler",Hippenmeyer,none,"none Illumina",,100-700,200-1000,1,0,Standard,"IDT-ILMN Nextera DNA UD Indexes v3",7244,5244,,CTCTCGGCTA,TACCAGATCT,,2025-10-21T00:00:00+02:00,2025-10-22T00:00:00+02:00,2025-10-22T13:35:00+02:00
19701,"Florian Pauler",Hippenmeyer,Completed,Illumina,0,"NovaSeqX 10B XP flowcell PairedEnd 150 - single lane",1,,,-,"~40 yl of 11nM, library. Smart-Seq v3. PhiX requested to be 15%",287,2025-10-20T00:00:00+02:00,2025-10-21T00:00:00+02:00,2025-10-28T00:00:00+01:00,7,2025-10-28T12:45:42+01:00,3575,"Organoid PatchSeq",,131,12,2025-10-18T12:25:42+02:00,,Created,,1,2025-10-20T00:00:00+02:00,2025-10-20T13:54:55+02:00,"Florian Pauler",Hippenmeyer,27829,19701,1,Completed,1,15,0,qpcr,21714,287,no_spikeins,1,,None,Standard,,7,4,2025-10-28T12:45:42+01:00,,,,R19701_1,534044,Completed,19701,366679,1,1,0,7,4,0,,2025-10-28T12:45:18+01:00,,366679,Illumina,Ready,C7_SetC_Pl3,"Mus musculus",RNA-Seq,Cx,"single cell",M11-Emx1creER,,,,,"Florian Pauler",Hippenmeyer,none,"none Illumina",,100-700,200-1000,1,0,Standard,"IDT-ILMN Nextera DNA UD Indexes v3",7243,5243,,TTCATGGTTC,GACATTGTCA,,2025-10-21T00:00:00+02:00,2025-10-22T00:00:00+02:00,2025-10-22T13:35:00+02:00
19701,"Florian Pauler",Hippenmeyer,Completed,Illumina,0,"NovaSeqX 10B XP flowcell PairedEnd 150 - single lane",1,,,-,"~40 yl of 11nM, library. Smart-Seq v3. PhiX requested to be 15%",287,2025-10-20T00:00:00+02:00,2025-10-21T00:00:00+02:00,2025-10-28T00:00:00+01:00,7,2025-10-28T12:45:42+01:00,3575,"Organoid PatchSeq",,131,12,2025-10-18T12:25:42+02:00,,Created,,1,2025-10-20T00:00:00+02:00,2025-10-20T13:54:55+02:00,"Florian Pauler",Hippenmeyer,27829,19701,1,Completed,1,15,0,qpcr,21714,287,no_spikeins,1,,None,Standard,,7,4,2025-10-28T12:45:42+01:00,,,,R19701_1,534045,Completed,19701,366678,1,1,0,7,4,0,,2025-10-28T12:45:18+01:00,,366678,Illumina,Ready,B7_SetC_Pl3,"Mus musculus",RNA-Seq,Cx,"single cell",M11-Emx1creER,,,,,"Florian Pauler",Hippenmeyer,none,"none Illumina",,100-700,200-1000,1,0,Standard,"IDT-ILMN Nextera DNA UD Indexes v3",7242,5242,,AAGAGAGTCT,TACGAATCTT,,2025-10-21T00:00:00+02:00,2025-10-22T00:00:00+02:00,2025-10-22T13:35:01+02:00
19701,"Florian Pauler",Hippenmeyer,Completed,Illumina,0,"NovaSeqX 10B XP flowcell PairedEnd 150 - single lane",1,,,-,"~40 yl of 11nM, library. Smart-Seq v3. PhiX requested to be 15%",287,2025-10-20T00:00:00+02:00,2025-10-21T00:00:00+02:00,2025-10-28T00:00:00+01:00,7,2025-10-28T12:45:42+01:00,3575,"Organoid PatchSeq",,131,12,2025-10-18T12:25:42+02:00,,Created,,1,2025-10-20T00:00:00+02:00,2025-10-20T13:54:55+02:00,"Florian Pauler",Hippenmeyer,27829,19701,1,Completed,1,15,0,qpcr,21714,287,no_spikeins,1,,None,Standard,,7,4,2025-10-28T12:45:42+01:00,,,,R19701_1,534046,Completed,19701,366677,1,1,0,7,4,0,,2025-10-28T12:45:18+01:00,,366677,Illumina,Ready,A7_SetC_Pl3,"Mus musculus",RNA-Seq,Cx,"single cell",M11-Emx1creER,,,,,"Florian Pauler",Hippenmeyer,none,"none Illumina",,100-700,200-1000,1,0,Standard,"IDT-ILMN Nextera DNA UD Indexes v3",7241,5241,,TGAACGCGGA,CTTCGAAGGA,,2025-10-21T00:00:00+02:00,2025-10-22T00:00:00+02:00,2025-10-22T13:35:01+02:00
19701,"Florian Pauler",Hippenmeyer,Completed,Illumina,0,"NovaSeqX 10B XP flowcell PairedEnd 150 - single lane",1,,,-,"~40 yl of 11nM, library. Smart-Seq v3. PhiX requested to be 15%",287,2025-10-20T00:00:00+02:00,2025-10-21T00:00:00+02:00,2025-10-28T00:00:00+01:00,7,2025-10-28T12:45:42+01:00,3575,"Organoid PatchSeq",,131,12,2025-10-18T12:25:42+02:00,,Created,,1,2025-10-20T00:00:00+02:00,2025-10-20T13:54:55+02:00,"Florian Pauler",Hippenmeyer,27829,19701,1,Completed,1,15,0,qpcr,21714,287,no_spikeins,1,,None,Standard,,7,4,2025-10-28T12:45:42+01:00,,,,R19701_1,534047,Completed,19701,366676,1,1,0,7,4,0,,2025-10-28T12:45:18+01:00,,366676,Illumina,Ready,H6_SetC_Pl3,"Mus musculus",RNA-Seq,Cx,"single cell",M11-Emx1creER,,,,,"Florian Pauler",Hippenmeyer,none,"none Illumina",,100-700,200-1000,1,0,Standard,"IDT-ILMN Nextera DNA UD Indexes v3",7240,5240,,GGAAGGAGAC,TGGTGAGTCT,,2025-10-21T00:00:00+02:00,2025-10-22T00:00:00+02:00,2025-10-22T13:35:01+02:00
19701,"Florian Pauler",Hippenmeyer,Completed,Illumina,0,"NovaSeqX 10B XP flowcell PairedEnd 150 - single lane",1,,,-,"~40 yl of 11nM, library. Smart-Seq v3. PhiX requested to be 15%",287,2025-10-20T00:00:00+02:00,2025-10-21T00:00:00+02:00,2025-10-28T00:00:00+01:00,7,2025-10-28T12:45:42+01:00,3575,"Organoid PatchSeq",,131,12,2025-10-18T12:25:42+02:00,,Created,,1,2025-10-20T00:00:00+02:00,2025-10-20T13:54:55+02:00,"Florian Pauler",Hippenmeyer,27829,19701,1,Completed,1,15,0,qpcr,21714,287,no_spikeins,1,,None,Standard,,7,4,2025-10-28T12:45:42+01:00,,,,R19701_1,534048,Completed,19701,366675,1,1,0,7,4,0,,2025-10-28T12:45:19+01:00,,366675,Illumina,Ready,G6_SetC_Pl3,"Mus musculus",RNA-Seq,Cx,"single cell",M11-Emx1creER,,,,,"Florian Pauler",Hippenmeyer,none,"none Illumina",,100-700,200-1000,1,0,Standard,"IDT-ILMN Nextera DNA UD Indexes v3",7239,5239,,AAGGAAGAGT,CACGTTAGGC,,2025-10-21T00:00:00+02:00,2025-10-22T00:00:00+02:00,2025-10-22T13:35:01+02:00
19701,"Florian Pauler",Hippenmeyer,Completed,Illumina,0,"NovaSeqX 10B XP flowcell PairedEnd 150 - single lane",1,,,-,"~40 yl of 11nM, library. Smart-Seq v3. PhiX requested to be 15%",287,2025-10-20T00:00:00+02:00,2025-10-21T00:00:00+02:00,2025-10-28T00:00:00+01:00,7,2025-10-28T12:45:42+01:00,3575,"Organoid PatchSeq",,131,12,2025-10-18T12:25:42+02:00,,Created,,1,2025-10-20T00:00:00+02:00,2025-10-20T13:54:55+02:00,"Florian Pauler",Hippenmeyer,27829,19701,1,Completed,1,15,0,qpcr,21714,287,no_spikeins,1,,None,Standard,,7,4,2025-10-28T12:45:42+01:00,,,,R19701_1,534049,Completed,19701,366674,1,1,0,7,4,0,,2025-10-28T12:45:19+01:00,,366674,Illumina,Ready,F6_SetC_Pl3,"Mus musculus",RNA-Seq,Cx,"single cell",M11-Emx1creER,,,,,"Florian Pauler",Hippenmeyer,none,"none Illumina",,100-700,200-1000,1,0,Standard,"IDT-ILMN Nextera DNA UD Indexes v3",7238,5238,,TTCTTAACCA,TCTACATACC,,2025-10-21T00:00:00+02:00,2025-10-22T00:00:00+02:00,2025-10-22T13:35:01+02:00
19701,"Florian Pauler",Hippenmeyer,Completed,Illumina,0,"NovaSeqX 10B XP flowcell PairedEnd 150 - single lane",1,,,-,"~40 yl of 11nM, library. Smart-Seq v3. PhiX requested to be 15%",287,2025-10-20T00:00:00+02:00,2025-10-21T00:00:00+02:00,2025-10-28T00:00:00+01:00,7,2025-10-28T12:45:42+01:00,3575,"Organoid PatchSeq",,131,12,2025-10-18T12:25:42+02:00,,Created,,1,2025-10-20T00:00:00+02:00,2025-10-20T13:54:55+02:00,"Florian Pauler",Hippenmeyer,27829,19701,1,Completed,1,15,0,qpcr,21714,287,no_spikeins,1,,None,Standard,,7,4,2025-10-28T12:45:42+01:00,,,,R19701_1,534050,Completed,19701,366673,1,1,0,7,4,0,,2025-10-28T12:45:19+01:00,,366673,Illumina,Ready,E6_SetC_Pl3,"Mus musculus",RNA-Seq,Cx,"single cell",M11-Emx1creER,,,,,"Florian Pauler",Hippenmeyer,none,"none Illumina",,100-700,200-1000,1,0,Standard,"IDT-ILMN Nextera DNA UD Indexes v3",7237,5237,,ATAGGTCTTA,GTCACCACAG,,2025-10-21T00:00:00+02:00,2025-10-22T00:00:00+02:00,2025-10-22T13:35:01+02:00
19701,"Florian Pauler",Hippenmeyer,Completed,Illumina,0,"NovaSeqX 10B XP flowcell PairedEnd 150 - single lane",1,,,-,"~40 yl of 11nM, library. Smart-Seq v3. PhiX requested to be 15%",287,2025-10-20T00:00:00+02:00,2025-10-21T00:00:00+02:00,2025-10-28T00:00:00+01:00,7,2025-10-28T12:45:42+01:00,3575,"Organoid PatchSeq",,131,12,2025-10-18T12:25:42+02:00,,Created,,1,2025-10-20T00:00:00+02:00,2025-10-20T13:54:55+02:00,"Florian Pauler",Hippenmeyer,27829,19701,1,Completed,1,15,0,qpcr,21714,287,no_spikeins,1,,None,Standard,,7,4,2025-10-28T12:45:42+01:00,,,,R19701_1,534051,Completed,19701,366672,1,1,0,7,4,0,,2025-10-28T12:45:19+01:00,,366672,Illumina,Ready,D6_SetC_Pl3,"Mus musculus",RNA-Seq,Cx,"single cell",M11-Emx1creER,,,,,"Florian Pauler",Hippenmeyer,none,"none Illumina",,100-700,200-1000,1,0,Standard,"IDT-ILMN Nextera DNA UD Indexes v3",7236,5236,,ATAGTTAGCA,CTCTAAGTAG,,2025-10-21T00:00:00+02:00,2025-10-22T00:00:00+02:00,2025-10-22T13:35:02+02:00
19701,"Florian Pauler",Hippenmeyer,Completed,Illumina,0,"NovaSeqX 10B XP flowcell PairedEnd 150 - single lane",1,,,-,"~40 yl of 11nM, library. Smart-Seq v3. PhiX requested to be 15%",287,2025-10-20T00:00:00+02:00,2025-10-21T00:00:00+02:00,2025-10-28T00:00:00+01:00,7,2025-10-28T12:45:42+01:00,3575,"Organoid PatchSeq",,131,12,2025-10-18T12:25:42+02:00,,Created,,1,2025-10-20T00:00:00+02:00,2025-10-20T13:54:55+02:00,"Florian Pauler",Hippenmeyer,27829,19701,1,Completed,1,15,0,qpcr,21714,287,no_spikeins,1,,None,Standard,,7,4,2025-10-28T12:45:42+01:00,,,,R19701_1,534052,Completed,19701,366671,1,1,0,7,4,0,,2025-10-28T12:45:19+01:00,,366671,Illumina,Ready,C6_SetC_Pl3,"Mus musculus",RNA-Seq,Cx,"single cell",M11-Emx1creER,,,,,"Florian Pauler",Hippenmeyer,none,"none Illumina",,100-700,200-1000,1,0,Standard,"IDT-ILMN Nextera DNA UD Indexes v3",7235,5235,,CTCCACTAAT,TGTACTTGTT,,2025-10-21T00:00:00+02:00,2025-10-22T00:00:00+02:00,2025-10-22T13:35:02+02:00
19701,"Florian Pauler",Hippenmeyer,Completed,Illumina,0,"NovaSeqX 10B XP flowcell PairedEnd 150 - single lane",1,,,-,"~40 yl of 11nM, library. Smart-Seq v3. PhiX requested to be 15%",287,2025-10-20T00:00:00+02:00,2025-10-21T00:00:00+02:00,2025-10-28T00:00:00+01:00,7,2025-10-28T12:45:42+01:00,3575,"Organoid PatchSeq",,131,12,2025-10-18T12:25:42+02:00,,Created,,1,2025-10-20T00:00:00+02:00,2025-10-20T13:54:55+02:00,"Florian Pauler",Hippenmeyer,27829,19701,1,Completed,1,15,0,qpcr,21714,287,no_spikeins,1,,None,Standard,,7,4,2025-10-28T12:45:42+01:00,,,,R19701_1,534053,Completed,19701,366670,1,1,0,7,4,0,,2025-10-28T12:45:19+01:00,,366670,Illumina,Ready,B6_SetC_Pl3,"Mus musculus",RNA-Seq,Cx,"single cell",M11-Emx1creER,,,,,"Florian Pauler",Hippenmeyer,none,"none Illumina",,100-700,200-1000,1,0,Standard,"IDT-ILMN Nextera DNA UD Indexes v3",7234,5234,,CTGTGGTGAC,GACAGACAGG,,2025-10-21T00:00:00+02:00,2025-10-22T00:00:00+02:00,2025-10-22T13:35:02+02:00
19701,"Florian Pauler",Hippenmeyer,Completed,Illumina,0,"NovaSeqX 10B XP flowcell PairedEnd 150 - single lane",1,,,-,"~40 yl of 11nM, library. Smart-Seq v3. PhiX requested to be 15%",287,2025-10-20T00:00:00+02:00,2025-10-21T00:00:00+02:00,2025-10-28T00:00:00+01:00,7,2025-10-28T12:45:42+01:00,3575,"Organoid PatchSeq",,131,12,2025-10-18T12:25:42+02:00,,Created,,1,2025-10-20T00:00:00+02:00,2025-10-20T13:54:55+02:00,"Florian Pauler",Hippenmeyer,27829,19701,1,Completed,1,15,0,qpcr,21714,287,no_spikeins,1,,None,Standard,,7,4,2025-10-28T12:45:42+01:00,,,,R19701_1,534054,Completed,19701,366669,1,1,0,7,4,0,,2025-10-28T12:45:19+01:00,,366669,Illumina,Ready,A6_SetC_Pl3,"Mus musculus",RNA-Seq,Cx,"single cell",M11-Emx1creER,,,,,"Florian Pauler",Hippenmeyer,none,"none Illumina",,100-700,200-1000,1,0,Standard,"IDT-ILMN Nextera DNA UD Indexes v3",7233,5233,,TACAAGACTT,CAGGTGTTCA,,2025-10-21T00:00:00+02:00,2025-10-22T00:00:00+02:00,2025-10-22T13:35:02+02:00
19701,"Florian Pauler",Hippenmeyer,Completed,Illumina,0,"NovaSeqX 10B XP flowcell PairedEnd 150 - single lane",1,,,-,"~40 yl of 11nM, library. Smart-Seq v3. PhiX requested to be 15%",287,2025-10-20T00:00:00+02:00,2025-10-21T00:00:00+02:00,2025-10-28T00:00:00+01:00,7,2025-10-28T12:45:42+01:00,3575,"Organoid PatchSeq",,131,12,2025-10-18T12:25:42+02:00,,Created,,1,2025-10-20T00:00:00+02:00,2025-10-20T13:54:55+02:00,"Florian Pauler",Hippenmeyer,27829,19701,1,Completed,1,15,0,qpcr,21714,287,no_spikeins,1,,None,Standard,,7,4,2025-10-28T12:45:42+01:00,,,,R19701_1,534055,Completed,19701,366668,1,1,0,7,4,0,,2025-10-28T12:45:19+01:00,,366668,Illumina,Ready,H5_SetC_Pl3,"Mus musculus",RNA-Seq,Cx,"single cell",M11-Emx1creER,,,,,"Florian Pauler",Hippenmeyer,none,"none Illumina",,100-700,200-1000,1,0,Standard,"IDT-ILMN Nextera DNA UD Indexes v3",7232,5232,,CAGTAATTAC,CGAGGCGGTA,,2025-10-21T00:00:00+02:00,2025-10-22T00:00:00+02:00,2025-10-22T13:35:02+02:00
19701,"Florian Pauler",Hippenmeyer,Completed,Illumina,0,"NovaSeqX 10B XP flowcell PairedEnd 150 - single lane",1,,,-,"~40 yl of 11nM, library. Smart-Seq v3. PhiX requested to be 15%",287,2025-10-20T00:00:00+02:00,2025-10-21T00:00:00+02:00,2025-10-28T00:00:00+01:00,7,2025-10-28T12:45:42+01:00,3575,"Organoid PatchSeq",,131,12,2025-10-18T12:25:42+02:00,,Created,,1,2025-10-20T00:00:00+02:00,2025-10-20T13:54:55+02:00,"Florian Pauler",Hippenmeyer,27829,19701,1,Completed,1,15,0,qpcr,21714,287,no_spikeins,1,,None,Standard,,7,4,2025-10-28T12:45:42+01:00,,,,R19701_1,534056,Completed,19701,366667,1,1,0,7,4,0,,2025-10-28T12:45:19+01:00,,366667,Illumina,Ready,G5_SetC_Pl3,"Mus musculus",RNA-Seq,Cx,"single cell",M11-Emx1creER,,,,,"Florian Pauler",Hippenmeyer,none,"none Illumina",,100-700,200-1000,1,0,Standard,"IDT-ILMN Nextera DNA UD Indexes v3",7231,5231,,TGACGGCCGT,AGTCAACCAT,,2025-10-21T00:00:00+02:00,2025-10-22T00:00:00+02:00,2025-10-22T13:35:03+02:00
19701,"Florian Pauler",Hippenmeyer,Completed,Illumina,0,"NovaSeqX 10B XP flowcell PairedEnd 150 - single lane",1,,,-,"~40 yl of 11nM, library. Smart-Seq v3. PhiX requested to be 15%",287,2025-10-20T00:00:00+02:00,2025-10-21T00:00:00+02:00,2025-10-28T00:00:00+01:00,7,2025-10-28T12:45:42+01:00,3575,"Organoid PatchSeq",,131,12,2025-10-18T12:25:42+02:00,,Created,,1,2025-10-20T00:00:00+02:00,2025-10-20T13:54:55+02:00,"Florian Pauler",Hippenmeyer,27829,19701,1,Completed,1,15,0,qpcr,21714,287,no_spikeins,1,,None,Standard,,7,4,2025-10-28T12:45:42+01:00,,,,R19701_1,534057,Completed,19701,366666,1,1,0,7,4,0,,2025-10-28T12:45:19+01:00,,366666,Illumina,Ready,F5_SetC_Pl3,"Mus musculus",RNA-Seq,Cx,"single cell",M11-Emx1creER,,,,,"Florian Pauler",Hippenmeyer,none,"none Illumina",,100-700,200-1000,1,0,Standard,"IDT-ILMN Nextera DNA UD Indexes v3",7230,5230,,GTGGTATCTG,GCTACTATCT,,2025-10-21T00:00:00+02:00,2025-10-22T00:00:00+02:00,2025-10-22T13:35:03+02:00
19701,"Florian Pauler",Hippenmeyer,Completed,Illumina,0,"NovaSeqX 10B XP flowcell PairedEnd 150 - single lane",1,,,-,"~40 yl of 11nM, library. Smart-Seq v3. PhiX requested to be 15%",287,2025-10-20T00:00:00+02:00,2025-10-21T00:00:00+02:00,2025-10-28T00:00:00+01:00,7,2025-10-28T12:45:42+01:00,3575,"Organoid PatchSeq",,131,12,2025-10-18T12:25:42+02:00,,Created,,1,2025-10-20T00:00:00+02:00,2025-10-20T13:54:55+02:00,"Florian Pauler",Hippenmeyer,27829,19701,1,Completed,1,15,0,qpcr,21714,287,no_spikeins,1,,None,Standard,,7,4,2025-10-28T12:45:42+01:00,,,,R19701_1,534061,Completed,19701,366662,1,1,0,7,4,0,,2025-10-28T12:45:20+01:00,,366662,Illumina,Ready,B5_SetC_Pl3,"Mus musculus",RNA-Seq,Cx,"single cell",M11-Emx1creER,,,,,"Florian Pauler",Hippenmeyer,none,"none Illumina",,100-700,200-1000,1,0,Standard,"IDT-ILMN Nextera DNA UD Indexes v3",7226,5226,,CGCCATATCT,GACCGGAGAT,,2025-10-21T00:00:00+02:00,2025-10-22T00:00:00+02:00,2025-10-22T13:35:03+02:00
19701,"Florian Pauler",Hippenmeyer,Completed,Illumina,0,"NovaSeqX 10B XP flowcell PairedEnd 150 - single lane",1,,,-,"~40 yl of 11nM, library. Smart-Seq v3. PhiX requested to be 15%",287,2025-10-20T00:00:00+02:00,2025-10-21T00:00:00+02:00,2025-10-28T00:00:00+01:00,7,2025-10-28T12:45:42+01:00,3575,"Organoid PatchSeq",,131,12,2025-10-18T12:25:42+02:00,,Created,,1,2025-10-20T00:00:00+02:00,2025-10-20T13:54:55+02:00,"Florian Pauler",Hippenmeyer,27829,19701,1,Completed,1,15,0,qpcr,21714,287,no_spikeins,1,,None,Standard,,7,4,2025-10-28T12:45:42+01:00,,,,R19701_1,534062,Completed,19701,366661,1,1,0,7,4,0,,2025-10-28T12:45:20+01:00,,366661,Illumina,Ready,A5_SetC_Pl3,"Mus musculus",RNA-Seq,Cx,"single cell",M11-Emx1creER,,,,,"Florian Pauler",Hippenmeyer,none,"none Illumina",,100-700,200-1000,1,0,Standard,"IDT-ILMN Nextera DNA UD Indexes v3",7225,5225,,TAGTGGAAGC,AGTACCTATA,,2025-10-21T00:00:00+02:00,2025-10-22T00:00:00+02:00,2025-10-22T13:35:04+02:00
19701,"Florian Pauler",Hippenmeyer,Completed,Illumina,0,"NovaSeqX 10B XP flowcell PairedEnd 150 - single lane",1,,,-,"~40 yl of 11nM, library. Smart-Seq v3. PhiX requested to be 15%",287,2025-10-20T00:00:00+02:00,2025-10-21T00:00:00+02:00,2025-10-28T00:00:00+01:00,7,2025-10-28T12:45:42+01:00,3575,"Organoid PatchSeq",,131,12,2025-10-18T12:25:42+02:00,,Created,,1,2025-10-20T00:00:00+02:00,2025-10-20T13:54:55+02:00,"Florian Pauler",Hippenmeyer,27829,19701,1,Completed,1,15,0,qpcr,21714,287,no_spikeins,1,,None,Standard,,7,4,2025-10-28T12:45:42+01:00,,,,R19701_1,534063,Completed,19701,366660,1,1,0,7,4,0,,2025-10-28T12:45:20+01:00,,366660,Illumina,Ready,H4_SetC_Pl3,"Mus musculus",RNA-Seq,Cx,"single cell",M11-Emx1creER,,,,,"Florian Pauler",Hippenmeyer,none,"none Illumina",,100-700,200-1000,1,0,Standard,"IDT-ILMN Nextera DNA UD Indexes v3",7224,5224,,TTATGGAAGT,GACAATAACA,,2025-10-21T00:00:00+02:00,2025-10-22T00:00:00+02:00,2025-10-22T13:35:04+02:00
19701,"Florian Pauler",Hippenmeyer,Completed,Illumina,0,"NovaSeqX 10B XP flowcell PairedEnd 150 - single lane",1,,,-,"~40 yl of 11nM, library. Smart-Seq v3. PhiX requested to be 15%",287,2025-10-20T00:00:00+02:00,2025-10-21T00:00:00+02:00,2025-10-28T00:00:00+01:00,7,2025-10-28T12:45:42+01:00,3575,"Organoid PatchSeq",,131,12,2025-10-18T12:25:42+02:00,,Created,,1,2025-10-20T00:00:00+02:00,2025-10-20T13:54:55+02:00,"Florian Pauler",Hippenmeyer,27829,19701,1,Completed,1,15,0,qpcr,21714,287,no_spikeins,1,,None,Standard,,7,4,2025-10-28T12:45:42+01:00,,,,R19701_1,534064,Completed,19701,366659,1,1,0,7,4,0,,2025-10-28T12:45:20+01:00,,366659,Illumina,Ready,G4_SetC_Pl3,"Mus musculus",RNA-Seq,Cx,"single cell",M11-Emx1creER,,,,,"Florian Pauler",Hippenmeyer,none,"none Illumina",,100-700,200-1000,1,0,Standard,"IDT-ILMN Nextera DNA UD Indexes v3",7223,5223,,AACCTGGCTC,TGAGTATGTT,,2025-10-21T00:00:00+02:00,2025-10-22T00:00:00+02:00,2025-10-22T13:35:04+02:00
19701,"Florian Pauler",Hippenmeyer,Completed,Illumina,0,"NovaSeqX 10B XP flowcell PairedEnd 150 - single lane",1,,,-,"~40 yl of 11nM, library. Smart-Seq v3. PhiX requested to be 15%",287,2025-10-20T00:00:00+02:00,2025-10-21T00:00:00+02:00,2025-10-28T00:00:00+01:00,7,2025-10-28T12:45:42+01:00,3575,"Organoid PatchSeq",,131,12,2025-10-18T12:25:42+02:00,,Created,,1,2025-10-20T00:00:00+02:00,2025-10-20T13:54:55+02:00,"Florian Pauler",Hippenmeyer,27829,19701,1,Completed,1,15,0,qpcr,21714,287,no_spikeins,1,,None,Standard,,7,4,2025-10-28T12:45:42+01:00,,,,R19701_1,534065,Completed,19701,366658,1,1,0,7,4,0,,2025-10-28T12:45:20+01:00,,366658,Illumina,Ready,F4_SetC_Pl3,"Mus musculus",RNA-Seq,Cx,"single cell",M11-Emx1creER,,,,,"Florian Pauler",Hippenmeyer,none,"none Illumina",,100-700,200-1000,1,0,Standard,"IDT-ILMN Nextera DNA UD Indexes v3",7222,5222,,TCGATCACGC,CATAGAGCCT,,2025-10-21T00:00:00+02:00,2025-10-22T00:00:00+02:00,2025-10-22T13:35:04+02:00
19701,"Florian Pauler",Hippenmeyer,Completed,Illumina,0,"NovaSeqX 10B XP flowcell PairedEnd 150 - single lane",1,,,-,"~40 yl of 11nM, library. Smart-Seq v3. PhiX requested to be 15%",287,2025-10-20T00:00:00+02:00,2025-10-21T00:00:00+02:00,2025-10-28T00:00:00+01:00,7,2025-10-28T12:45:42+01:00,3575,"Organoid PatchSeq",,131,12,2025-10-18T12:25:42+02:00,,Created,,1,2025-10-20T00:00:00+02:00,2025-10-20T13:54:55+02:00,"Florian Pauler",Hippenmeyer,27829,19701,1,Completed,1,15,0,qpcr,21714,287,no_spikeins,1,,None,Standard,,7,4,2025-10-28T12:45:42+01:00,,,,R19701_1,534066,Completed,19701,366657,1,1,0,7,4,0,,2025-10-28T12:45:20+01:00,,366657,Illumina,Ready,E4_SetC_Pl3,"Mus musculus",RNA-Seq,Cx,"single cell",M11-Emx1creER,,,,,"Florian Pauler",Hippenmeyer,none,"none Illumina",,100-700,200-1000,1,0,Standard,"IDT-ILMN Nextera DNA UD Indexes v3",7221,5221,,CTAGAGCGCA,GCTTCTAGCA,,2025-10-21T00:00:00+02:00,2025-10-22T00:00:00+02:00,2025-10-22T13:35:04+02:00
19701,"Florian Pauler",Hippenmeyer,Completed,Illumina,0,"NovaSeqX 10B XP flowcell PairedEnd 150 - single lane",1,,,-,"~40 yl of 11nM, library. Smart-Seq v3. PhiX requested to be 15%",287,2025-10-20T00:00:00+02:00,2025-10-21T00:00:00+02:00,2025-10-28T00:00:00+01:00,7,2025-10-28T12:45:42+01:00,3575,"Organoid PatchSeq",,131,12,2025-10-18T12:25:42+02:00,,Created,,1,2025-10-20T00:00:00+02:00,2025-10-20T13:54:55+02:00,"Florian Pauler",Hippenmeyer,27829,19701,1,Completed,1,15,0,qpcr,21714,287,no_spikeins,1,,None,Standard,,7,4,2025-10-28T12:45:42+01:00,,,,R19701_1,534067,Completed,19701,366656,1,1,0,7,4,0,,2025-10-28T12:45:20+01:00,,366656,Illumina,Ready,D4_SetC_Pl3,"Mus musculus",RNA-Seq,Cx,"single cell",M11-Emx1creER,,,,,"Florian Pauler",Hippenmeyer,none,"none Illumina",,100-700,200-1000,1,0,Standard,"IDT-ILMN Nextera DNA UD Indexes v3",7220,5220,,CTAAGTACGC,AACATACCTA,,2025-10-21T00:00:00+02:00,2025-10-22T00:00:00+02:00,2025-10-22T13:35:04+02:00
19701,"Florian Pauler",Hippenmeyer,Completed,Illumina,0,"NovaSeqX 10B XP flowcell PairedEnd 150 - single lane",1,,,-,"~40 yl of 11nM, library. Smart-Seq v3. PhiX requested to be 15%",287,2025-10-20T00:00:00+02:00,2025-10-21T00:00:00+02:00,2025-10-28T00:00:00+01:00,7,2025-10-28T12:45:42+01:00,3575,"Organoid PatchSeq",,131,12,2025-10-18T12:25:42+02:00,,Created,,1,2025-10-20T00:00:00+02:00,2025-10-20T13:54:55+02:00,"Florian Pauler",Hippenmeyer,27829,19701,1,Completed,1,15,0,qpcr,21714,287,no_spikeins,1,,None,Standard,,7,4,2025-10-28T12:45:42+01:00,,,,R19701_1,534068,Completed,19701,366655,1,1,0,7,4,0,,2025-10-28T12:45:20+01:00,,366655,Illumina,Ready,C4_SetC_Pl3,"Mus musculus",RNA-Seq,Cx,"single cell",M11-Emx1creER,,,,,"Florian Pauler",Hippenmeyer,none,"none Illumina",,100-700,200-1000,1,0,Standard,"IDT-ILMN Nextera DNA UD Indexes v3",7219,5219,,TTACAGTTAG,ACATGCATAT,,2025-10-21T00:00:00+02:00,2025-10-22T00:00:00+02:00,2025-10-22T13:35:05+02:00
19701,"Florian Pauler",Hippenmeyer,Completed,Illumina,0,"NovaSeqX 10B XP flowcell PairedEnd 150 - single lane",1,,,-,"~40 yl of 11nM, library. Smart-Seq v3. PhiX requested to be 15%",287,2025-10-20T00:00:00+02:00,2025-10-21T00:00:00+02:00,2025-10-28T00:00:00+01:00,7,2025-10-28T12:45:42+01:00,3575,"Organoid PatchSeq",,131,12,2025-10-18T12:25:42+02:00,,Created,,1,2025-10-20T00:00:00+02:00,2025-10-20T13:54:55+02:00,"Florian Pauler",Hippenmeyer,27829,19701,1,Completed,1,15,0,qpcr,21714,287,no_spikeins,1,,None,Standard,,7,4,2025-10-28T12:45:42+01:00,,,,R19701_1,534069,Completed,19701,366654,1,1,0,7,4,0,,2025-10-28T12:45:21+01:00,,366654,Illumina,Ready,B4_SetC_Pl3,"Mus musculus",RNA-Seq,Cx,"single cell",M11-Emx1creER,,,,,"Florian Pauler",Hippenmeyer,none,"none Illumina",,100-700,200-1000,1,0,Standard,"IDT-ILMN Nextera DNA UD Indexes v3",7218,5218,,CATCTACGTA,TGTAATTGAG,,2025-10-21T00:00:00+02:00,2025-10-22T00:00:00+02:00,2025-10-22T13:35:05+02:00
19701,"Florian Pauler",Hippenmeyer,Completed,Illumina,0,"NovaSeqX 10B XP flowcell PairedEnd 150 - single lane",1,,,-,"~40 yl of 11nM, library. Smart-Seq v3. PhiX requested to be 15%",287,2025-10-20T00:00:00+02:00,2025-10-21T00:00:00+02:00,2025-10-28T00:00:00+01:00,7,2025-10-28T12:45:42+01:00,3575,"Organoid PatchSeq",,131,12,2025-10-18T12:25:42+02:00,,Created,,1,2025-10-20T00:00:00+02:00,2025-10-20T13:54:55+02:00,"Florian Pauler",Hippenmeyer,27829,19701,1,Completed,1,15,0,qpcr,21714,287,no_spikeins,1,,None,Standard,,7,4,2025-10-28T12:45:42+01:00,,,,R19701_1,534071,Completed,19701,366652,1,1,0,7,4,0,,2025-10-28T12:45:21+01:00,,366652,Illumina,Ready,H3_SetC_Pl3,"Mus musculus",RNA-Seq,Cx,"single cell",M11-Emx1creER,,,,,"Florian Pauler",Hippenmeyer,none,"none Illumina",,100-700,200-1000,1,0,Standard,"IDT-ILMN Nextera DNA UD Indexes v3",7216,5216,,CCGAAGCGCT,TGCTAACTAT,,2025-10-21T00:00:00+02:00,2025-10-22T00:00:00+02:00,2025-10-22T13:35:05+02:00
19701,"Florian Pauler",Hippenmeyer,Completed,Illumina,0,"NovaSeqX 10B XP flowcell PairedEnd 150 - single lane",1,,,-,"~40 yl of 11nM, library. Smart-Seq v3. PhiX requested to be 15%",287,2025-10-20T00:00:00+02:00,2025-10-21T00:00:00+02:00,2025-10-28T00:00:00+01:00,7,2025-10-28T12:45:42+01:00,3575,"Organoid PatchSeq",,131,12,2025-10-18T12:25:42+02:00,,Created,,1,2025-10-20T00:00:00+02:00,2025-10-20T13:54:55+02:00,"Florian Pauler",Hippenmeyer,27829,19701,1,Completed,1,15,0,qpcr,21714,287,no_spikeins,1,,None,Standard,,7,4,2025-10-28T12:45:42+01:00,,,,R19701_1,534072,Completed,19701,366651,1,1,0,7,4,0,,2025-10-28T12:45:21+01:00,,366651,Illumina,Ready,G3_SetC_Pl3,"Mus musculus",RNA-Seq,Cx,"single cell",M11-Emx1creER,,,,,"Florian Pauler",Hippenmeyer,none,"none Illumina",,100-700,200-1000,1,0,Standard,"IDT-ILMN Nextera DNA UD Indexes v3",7215,5215,,CGCTTAGAAT,CAGAGTGATA,,2025-10-21T00:00:00+02:00,2025-10-22T00:00:00+02:00,2025-10-22T13:35:05+02:00
19701,"Florian Pauler",Hippenmeyer,Completed,Illumina,0,"NovaSeqX 10B XP flowcell PairedEnd 150 - single lane",1,,,-,"~40 yl of 11nM, library. Smart-Seq v3. PhiX requested to be 15%",287,2025-10-20T00:00:00+02:00,2025-10-21T00:00:00+02:00,2025-10-28T00:00:00+01:00,7,2025-10-28T12:45:42+01:00,3575,"Organoid PatchSeq",,131,12,2025-10-18T12:25:42+02:00,,Created,,1,2025-10-20T00:00:00+02:00,2025-10-20T13:54:55+02:00,"Florian Pauler",Hippenmeyer,27829,19701,1,Completed,1,15,0,qpcr,21714,287,no_spikeins,1,,None,Standard,,7,4,2025-10-28T12:45:42+01:00,,,,R19701_1,534073,Completed,19701,366650,1,1,0,7,4,0,,2025-10-28T12:45:21+01:00,,366650,Illumina,Ready,F3_SetC_Pl3,"Mus musculus",RNA-Seq,Cx,"single cell",M11-Emx1creER,,,,,"Florian Pauler",Hippenmeyer,none,"none Illumina",,100-700,200-1000,1,0,Standard,"IDT-ILMN Nextera DNA UD Indexes v3",7214,5214,,TTATACGCGA,GCCGTCTGTT,,2025-10-21T00:00:00+02:00,2025-10-22T00:00:00+02:00,2025-10-22T13:35:05+02:00
19701,"Florian Pauler",Hippenmeyer,Completed,Illumina,0,"NovaSeqX 10B XP flowcell PairedEnd 150 - single lane",1,,,-,"~40 yl of 11nM, library. Smart-Seq v3. PhiX requested to be 15%",287,2025-10-20T00:00:00+02:00,2025-10-21T00:00:00+02:00,2025-10-28T00:00:00+01:00,7,2025-10-28T12:45:42+01:00,3575,"Organoid PatchSeq",,131,12,2025-10-18T12:25:42+02:00,,Created,,1,2025-10-20T00:00:00+02:00,2025-10-20T13:54:55+02:00,"Florian Pauler",Hippenmeyer,27829,19701,1,Completed,1,15,0,qpcr,21714,287,no_spikeins,1,,None,Standard,,7,4,2025-10-28T12:45:42+01:00,,,,R19701_1,534074,Completed,19701,366649,1,1,0,7,4,0,,2025-10-28T12:45:21+01:00,,366649,Illumina,Ready,E3_SetC_Pl3,"Mus musculus",RNA-Seq,Cx,"single cell",M11-Emx1creER,,,,,"Florian Pauler",Hippenmeyer,none,"none Illumina",,100-700,200-1000,1,0,Standard,"IDT-ILMN Nextera DNA UD Indexes v3",7213,5213,,TTAGGATATC,TATACCATGG,,2025-10-21T00:00:00+02:00,2025-10-22T00:00:00+02:00,2025-10-22T13:35:06+02:00
19701,"Florian Pauler",Hippenmeyer,Completed,Illumina,0,"NovaSeqX 10B XP flowcell PairedEnd 150 - single lane",1,,,-,"~40 yl of 11nM, library. Smart-Seq v3. PhiX requested to be 15%",287,2025-10-20T00:00:00+02:00,2025-10-21T00:00:00+02:00,2025-10-28T00:00:00+01:00,7,2025-10-28T12:45:42+01:00,3575,"Organoid PatchSeq",,131,12,2025-10-18T12:25:42+02:00,,Created,,1,2025-10-20T00:00:00+02:00,2025-10-20T13:54:55+02:00,"Florian Pauler",Hippenmeyer,27829,19701,1,Completed,1,15,0,qpcr,21714,287,no_spikeins,1,,None,Standard,,7,4,2025-10-28T12:45:42+01:00,,,,R19701_1,534075,Completed,19701,366648,1,1,0,7,4,0,,2025-10-28T12:45:21+01:00,,366648,Illumina,Ready,D3_SetC_Pl3,"Mus musculus",RNA-Seq,Cx,"single cell",M11-Emx1creER,,,,,"Florian Pauler",Hippenmeyer,none,"none Illumina",,100-700,200-1000,1,0,Standard,"IDT-ILMN Nextera DNA UD Indexes v3",7212,5212,,CTTACCGCAC,TAAGACCTAT,,2025-10-21T00:00:00+02:00,2025-10-22T00:00:00+02:00,2025-10-22T13:35:06+02:00
19701,"Florian Pauler",Hippenmeyer,Completed,Illumina,0,"NovaSeqX 10B XP flowcell PairedEnd 150 - single lane",1,,,-,"~40 yl of 11nM, library. Smart-Seq v3. PhiX requested to be 15%",287,2025-10-20T00:00:00+02:00,2025-10-21T00:00:00+02:00,2025-10-28T00:00:00+01:00,7,2025-10-28T12:45:42+01:00,3575,"Organoid PatchSeq",,131,12,2025-10-18T12:25:42+02:00,,Created,,1,2025-10-20T00:00:00+02:00,2025-10-20T13:54:55+02:00,"Florian Pauler",Hippenmeyer,27829,19701,1,Completed,1,15,0,qpcr,21714,287,no_spikeins,1,,None,Standard,,7,4,2025-10-28T12:45:42+01:00,,,,R19701_1,534076,Completed,19701,366647,1,1,0,7,4,0,,2025-10-28T12:45:21+01:00,,366647,Illumina,Ready,C3_SetC_Pl3,"Mus musculus",RNA-Seq,Cx,"single cell",M11-Emx1creER,,,,,"Florian Pauler",Hippenmeyer,none,"none Illumina",,100-700,200-1000,1,0,Standard,"IDT-ILMN Nextera DNA UD Indexes v3",7211,5211,,CCACCGGAGT,GCCTGCCATG,,2025-10-21T00:00:00+02:00,2025-10-22T00:00:00+02:00,2025-10-22T13:35:06+02:00
19701,"Florian Pauler",Hippenmeyer,Completed,Illumina,0,"NovaSeqX 10B XP flowcell PairedEnd 150 - single lane",1,,,-,"~40 yl of 11nM, library. Smart-Seq v3. PhiX requested to be 15%",287,2025-10-20T00:00:00+02:00,2025-10-21T00:00:00+02:00,2025-10-28T00:00:00+01:00,7,2025-10-28T12:45:42+01:00,3575,"Organoid PatchSeq",,131,12,2025-10-18T12:25:42+02:00,,Created,,1,2025-10-20T00:00:00+02:00,2025-10-20T13:54:55+02:00,"Florian Pauler",Hippenmeyer,27829,19701,1,Completed,1,15,0,qpcr,21714,287,no_spikeins,1,,None,Standard,,7,4,2025-10-28T12:45:42+01:00,,,,R19701_1,534077,Completed,19701,366646,1,1,0,7,4,0,,2025-10-28T12:45:21+01:00,,366646,Illumina,Ready,B3_SetC_Pl3,"Mus musculus",RNA-Seq,Cx,"single cell",M11-Emx1creER,,,,,"Florian Pauler",Hippenmeyer,none,"none Illumina",,100-700,200-1000,1,0,Standard,"IDT-ILMN Nextera DNA UD Indexes v3",7210,5210,,AGCTACTATA,GTTATATGGC,,2025-10-21T00:00:00+02:00,2025-10-22T00:00:00+02:00,2025-10-22T13:35:06+02:00
19701,"Florian Pauler",Hippenmeyer,Completed,Illumina,0,"NovaSeqX 10B XP flowcell PairedEnd 150 - single lane",1,,,-,"~40 yl of 11nM, library. Smart-Seq v3. PhiX requested to be 15%",287,2025-10-20T00:00:00+02:00,2025-10-21T00:00:00+02:00,2025-10-28T00:00:00+01:00,7,2025-10-28T12:45:42+01:00,3575,"Organoid PatchSeq",,131,12,2025-10-18T12:25:42+02:00,,Created,,1,2025-10-20T00:00:00+02:00,2025-10-20T13:54:55+02:00,"Florian Pauler",Hippenmeyer,27829,19701,1,Completed,1,15,0,qpcr,21714,287,no_spikeins,1,,None,Standard,,7,4,2025-10-28T12:45:42+01:00,,,,R19701_1,534078,Completed,19701,366645,1,1,0,7,4,0,,2025-10-28T12:45:21+01:00,,366645,Illumina,Ready,A3_SetC_Pl3,"Mus musculus",RNA-Seq,Cx,"single cell",M11-Emx1creER,,,,,"Florian Pauler",Hippenmeyer,none,"none Illumina",,100-700,200-1000,1,0,Standard,"IDT-ILMN Nextera DNA UD Indexes v3",7209,5209,,GCTAGACTAT,AATACGACAT,,2025-10-21T00:00:00+02:00,2025-10-22T00:00:00+02:00,2025-10-22T13:35:06+02:00
19701,"Florian Pauler",Hippenmeyer,Completed,Illumina,0,"NovaSeqX 10B XP flowcell PairedEnd 150 - single lane",1,,,-,"~40 yl of 11nM, library. Smart-Seq v3. PhiX requested to be 15%",287,2025-10-20T00:00:00+02:00,2025-10-21T00:00:00+02:00,2025-10-28T00:00:00+01:00,7,2025-10-28T12:45:42+01:00,3575,"Organoid PatchSeq",,131,12,2025-10-18T12:25:42+02:00,,Created,,1,2025-10-20T00:00:00+02:00,2025-10-20T13:54:55+02:00,"Florian Pauler",Hippenmeyer,27829,19701,1,Completed,1,15,0,qpcr,21714,287,no_spikeins,1,,None,Standard,,7,4,2025-10-28T12:45:42+01:00,,,,R19701_1,534079,Completed,19701,366644,1,1,0,7,4,0,,2025-10-28T12:45:22+01:00,,366644,Illumina,Ready,H2_SetC_Pl3,"Mus musculus",RNA-Seq,Cx,"single cell",M11-Emx1creER,,,,,"Florian Pauler",Hippenmeyer,none,"none Illumina",,100-700,200-1000,1,0,Standard,"IDT-ILMN Nextera DNA UD Indexes v3",7208,5208,,GATCGGATAA,GTATCGGCCG,,2025-10-21T00:00:00+02:00,2025-10-22T00:00:00+02:00,2025-10-22T13:35:07+02:00
19701,"Florian Pauler",Hippenmeyer,Completed,Illumina,0,"NovaSeqX 10B XP flowcell PairedEnd 150 - single lane",1,,,-,"~40 yl of 11nM, library. Smart-Seq v3. PhiX requested to be 15%",287,2025-10-20T00:00:00+02:00,2025-10-21T00:00:00+02:00,2025-10-28T00:00:00+01:00,7,2025-10-28T12:45:42+01:00,3575,"Organoid PatchSeq",,131,12,2025-10-18T12:25:42+02:00,,Created,,1,2025-10-20T00:00:00+02:00,2025-10-20T13:54:55+02:00,"Florian Pauler",Hippenmeyer,27829,19701,1,Completed,1,15,0,qpcr,21714,287,no_spikeins,1,,None,Standard,,7,4,2025-10-28T12:45:42+01:00,,,,R19701_1,534080,Completed,19701,366643,1,1,0,7,4,0,,2025-10-28T12:45:22+01:00,,366643,Illumina,Ready,G2_SetC_Pl3,"Mus musculus",RNA-Seq,Cx,"single cell",M11-Emx1creER,,,,,"Florian Pauler",Hippenmeyer,none,"none Illumina",,100-700,200-1000,1,0,Standard,"IDT-ILMN Nextera DNA UD Indexes v3",7207,5207,,GAATATGCGG,ACGAGACTGA,,2025-10-21T00:00:00+02:00,2025-10-22T00:00:00+02:00,2025-10-22T13:35:07+02:00
19701,"Florian Pauler",Hippenmeyer,Completed,Illumina,0,"NovaSeqX 10B XP flowcell PairedEnd 150 - single lane",1,,,-,"~40 yl of 11nM, library. Smart-Seq v3. PhiX requested to be 15%",287,2025-10-20T00:00:00+02:00,2025-10-21T00:00:00+02:00,2025-10-28T00:00:00+01:00,7,2025-10-28T12:45:42+01:00,3575,"Organoid PatchSeq",,131,12,2025-10-18T12:25:42+02:00,,Created,,1,2025-10-20T00:00:00+02:00,2025-10-20T13:54:55+02:00,"Florian Pauler",Hippenmeyer,27829,19701,1,Completed,1,15,0,qpcr,21714,287,no_spikeins,1,,None,Standard,,7,4,2025-10-28T12:45:42+01:00,,,,R19701_1,534081,Completed,19701,366642,1,1,0,7,4,0,,2025-10-28T12:45:22+01:00,,366642,Illumina,Ready,F2_SetC_Pl3,"Mus musculus",RNA-Seq,Cx,"single cell",M11-Emx1creER,,,,,"Florian Pauler",Hippenmeyer,none,"none Illumina",,100-700,200-1000,1,0,Standard,"IDT-ILMN Nextera DNA UD Indexes v3",7206,5206,,CTGGAACTGT,CGTAATTAAC,,2025-10-21T00:00:00+02:00,2025-10-22T00:00:00+02:00,2025-10-22T13:35:07+02:00
19701,"Florian Pauler",Hippenmeyer,Completed,Illumina,0,"NovaSeqX 10B XP flowcell PairedEnd 150 - single lane",1,,,-,"~40 yl of 11nM, library. Smart-Seq v3. PhiX requested to be 15%",287,2025-10-20T00:00:00+02:00,2025-10-21T00:00:00+02:00,2025-10-28T00:00:00+01:00,7,2025-10-28T12:45:42+01:00,3575,"Organoid PatchSeq",,131,12,2025-10-18T12:25:42+02:00,,Created,,1,2025-10-20T00:00:00+02:00,2025-10-20T13:54:55+02:00,"Florian Pauler",Hippenmeyer,27829,19701,1,Completed,1,15,0,qpcr,21714,287,no_spikeins,1,,None,Standard,,7,4,2025-10-28T12:45:42+01:00,,,,R19701_1,534082,Completed,19701,366641,1,1,0,7,4,0,,2025-10-28T12:45:22+01:00,,366641,Illumina,Ready,E2_SetC_Pl3,"Mus musculus",RNA-Seq,Cx,"single cell",M11-Emx1creER,,,,,"Florian Pauler",Hippenmeyer,none,"none Illumina",,100-700,200-1000,1,0,Standard,"IDT-ILMN Nextera DNA UD Indexes v3",7205,5205,,TCCTCGGACT,AACGCCAGAG,,2025-10-21T00:00:00+02:00,2025-10-22T00:00:00+02:00,2025-10-22T13:35:07+02:00
19701,"Florian Pauler",Hippenmeyer,Completed,Illumina,0,"NovaSeqX 10B XP flowcell PairedEnd 150 - single lane",1,,,-,"~40 yl of 11nM, library. Smart-Seq v3. PhiX requested to be 15%",287,2025-10-20T00:00:00+02:00,2025-10-21T00:00:00+02:00,2025-10-28T00:00:00+01:00,7,2025-10-28T12:45:42+01:00,3575,"Organoid PatchSeq",,131,12,2025-10-18T12:25:42+02:00,,Created,,1,2025-10-20T00:00:00+02:00,2025-10-20T13:54:55+02:00,"Florian Pauler",Hippenmeyer,27829,19701,1,Completed,1,15,0,qpcr,21714,287,no_spikeins,1,,None,Standard,,7,4,2025-10-28T12:45:42+01:00,,,,R19701_1,534083,Completed,19701,366640,1,1,0,7,4,0,,2025-10-28T12:45:22+01:00,,366640,Illumina,Ready,D2_SetC_Pl3,"Mus musculus",RNA-Seq,Cx,"single cell",M11-Emx1creER,,,,,"Florian Pauler",Hippenmeyer,none,"none Illumina",,100-700,200-1000,1,0,Standard,"IDT-ILMN Nextera DNA UD Indexes v3",7204,5204,,GTAACTGAAG,GGAGTCGCGA,,2025-10-21T00:00:00+02:00,2025-10-22T00:00:00+02:00,2025-10-22T13:35:07+02:00
19701,"Florian Pauler",Hippenmeyer,Completed,Illumina,0,"NovaSeqX 10B XP flowcell PairedEnd 150 - single lane",1,,,-,"~40 yl of 11nM, library. Smart-Seq v3. PhiX requested to be 15%",287,2025-10-20T00:00:00+02:00,2025-10-21T00:00:00+02:00,2025-10-28T00:00:00+01:00,7,2025-10-28T12:45:42+01:00,3575,"Organoid PatchSeq",,131,12,2025-10-18T12:25:42+02:00,,Created,,1,2025-10-20T00:00:00+02:00,2025-10-20T13:54:55+02:00,"Florian Pauler",Hippenmeyer,27829,19701,1,Completed,1,15,0,qpcr,21714,287,no_spikeins,1,,None,Standard,,7,4,2025-10-28T12:45:42+01:00,,,,R19701_1,534084,Completed,19701,366639,1,1,0,7,4,0,,2025-10-28T12:45:22+01:00,,366639,Illumina,Ready,C2_SetC_Pl3,"Mus musculus",RNA-Seq,Cx,"single cell",M11-Emx1creER,,,,,"Florian Pauler",Hippenmeyer,none,"none Illumina",,100-700,200-1000,1,0,Standard,"IDT-ILMN Nextera DNA UD Indexes v3",7203,5203,,AGTATGCTAC,TTAATAGACC,,2025-10-21T00:00:00+02:00,2025-10-22T00:00:00+02:00,2025-10-22T13:35:07+02:00
19701,"Florian Pauler",Hippenmeyer,Completed,Illumina,0,"NovaSeqX 10B XP flowcell PairedEnd 150 - single lane",1,,,-,"~40 yl of 11nM, library. Smart-Seq v3. PhiX requested to be 15%",287,2025-10-20T00:00:00+02:00,2025-10-21T00:00:00+02:00,2025-10-28T00:00:00+01:00,7,2025-10-28T12:45:42+01:00,3575,"Organoid PatchSeq",,131,12,2025-10-18T12:25:42+02:00,,Created,,1,2025-10-20T00:00:00+02:00,2025-10-20T13:54:55+02:00,"Florian Pauler",Hippenmeyer,27829,19701,1,Completed,1,15,0,qpcr,21714,287,no_spikeins,1,,None,Standard,,7,4,2025-10-28T12:45:42+01:00,,,,R19701_1,534085,Completed,19701,366638,1,1,0,7,4,0,,2025-10-28T12:45:22+01:00,,366638,Illumina,Ready,B2_SetC_Pl3,"Mus musculus",RNA-Seq,Cx,"single cell",M11-Emx1creER,,,,,"Florian Pauler",Hippenmeyer,none,"none Illumina",,100-700,200-1000,1,0,Standard,"IDT-ILMN Nextera DNA UD Indexes v3",7202,5202,,TGTGATAACT,CAGGCGCCAT,,2025-10-21T00:00:00+02:00,2025-10-22T00:00:00+02:00,2025-10-22T13:35:08+02:00
19701,"Florian Pauler",Hippenmeyer,Completed,Illumina,0,"NovaSeqX 10B XP flowcell PairedEnd 150 - single lane",1,,,-,"~40 yl of 11nM, library. Smart-Seq v3. PhiX requested to be 15%",287,2025-10-20T00:00:00+02:00,2025-10-21T00:00:00+02:00,2025-10-28T00:00:00+01:00,7,2025-10-28T12:45:42+01:00,3575,"Organoid PatchSeq",,131,12,2025-10-18T12:25:42+02:00,,Created,,1,2025-10-20T00:00:00+02:00,2025-10-20T13:54:55+02:00,"Florian Pauler",Hippenmeyer,27829,19701,1,Completed,1,15,0,qpcr,21714,287,no_spikeins,1,,None,Standard,,7,4,2025-10-28T12:45:42+01:00,,,,R19701_1,534086,Completed,19701,366637,1,1,0,7,4,0,,2025-10-28T12:45:22+01:00,,366637,Illumina,Ready,A2_SetC_Pl3,"Mus musculus",RNA-Seq,Cx,"single cell",M11-Emx1creER,,,,,"Florian Pauler",Hippenmeyer,none,"none Illumina",,100-700,200-1000,1,0,Standard,"IDT-ILMN Nextera DNA UD Indexes v3",7201,5201,,AACCGAGTTC,GATCTCTGGA,,2025-10-21T00:00:00+02:00,2025-10-22T00:00:00+02:00,2025-10-22T13:35:08+02:00
19701,"Florian Pauler",Hippenmeyer,Completed,Illumina,0,"NovaSeqX 10B XP flowcell PairedEnd 150 - single lane",1,,,-,"~40 yl of 11nM, library. Smart-Seq v3. PhiX requested to be 15%",287,2025-10-20T00:00:00+02:00,2025-10-21T00:00:00+02:00,2025-10-28T00:00:00+01:00,7,2025-10-28T12:45:42+01:00,3575,"Organoid PatchSeq",,131,12,2025-10-18T12:25:42+02:00,,Created,,1,2025-10-20T00:00:00+02:00,2025-10-20T13:54:55+02:00,"Florian Pauler",Hippenmeyer,27829,19701,1,Completed,1,15,0,qpcr,21714,287,no_spikeins,1,,None,Standard,,7,4,2025-10-28T12:45:42+01:00,,,,R19701_1,534087,Completed,19701,366636,1,1,0,7,4,0,,2025-10-28T12:45:22+01:00,,366636,Illumina,Ready,H1_SetC_Pl3,"Mus musculus",RNA-Seq,Cx,"single cell",M11-Emx1creER,,,,,"Florian Pauler",Hippenmeyer,none,"none Illumina",,100-700,200-1000,1,0,Standard,"IDT-ILMN Nextera DNA UD Indexes v3",7200,5200,,GAGGTTAGAC,AATGTATTGC,,2025-10-21T00:00:00+02:00,2025-10-22T00:00:00+02:00,2025-10-22T13:35:08+02:00
19701,"Florian Pauler",Hippenmeyer,Completed,Illumina,0,"NovaSeqX 10B XP flowcell PairedEnd 150 - single lane",1,,,-,"~40 yl of 11nM, library. Smart-Seq v3. PhiX requested to be 15%",287,2025-10-20T00:00:00+02:00,2025-10-21T00:00:00+02:00,2025-10-28T00:00:00+01:00,7,2025-10-28T12:45:42+01:00,3575,"Organoid PatchSeq",,131,12,2025-10-18T12:25:42+02:00,,Created,,1,2025-10-20T00:00:00+02:00,2025-10-20T13:54:55+02:00,"Florian Pauler",Hippenmeyer,27829,19701,1,Completed,1,15,0,qpcr,21714,287,no_spikeins,1,,None,Standard,,7,4,2025-10-28T12:45:42+01:00,,,,R19701_1,534088,Completed,19701,366635,1,1,0,7,4,0,,2025-10-28T12:45:22+01:00,,366635,Illumina,Ready,G1_SetC_Pl3,"Mus musculus",RNA-Seq,Cx,"single cell",M11-Emx1creER,,,,,"Florian Pauler",Hippenmeyer,none,"none Illumina",,100-700,200-1000,1,0,Standard,"IDT-ILMN Nextera DNA UD Indexes v3",7199,5199,,CGCACGACTG,GGACCAACAG,,2025-10-21T00:00:00+02:00,2025-10-22T00:00:00+02:00,2025-10-22T13:35:08+02:00
19701,"Florian Pauler",Hippenmeyer,Completed,Illumina,0,"NovaSeqX 10B XP flowcell PairedEnd 150 - single lane",1,,,-,"~40 yl of 11nM, library. Smart-Seq v3. PhiX requested to be 15%",287,2025-10-20T00:00:00+02:00,2025-10-21T00:00:00+02:00,2025-10-28T00:00:00+01:00,7,2025-10-28T12:45:42+01:00,3575,"Organoid PatchSeq",,131,12,2025-10-18T12:25:42+02:00,,Created,,1,2025-10-20T00:00:00+02:00,2025-10-20T13:54:55+02:00,"Florian Pauler",Hippenmeyer,27829,19701,1,Completed,1,15,0,qpcr,21714,287,no_spikeins,1,,None,Standard,,7,4,2025-10-28T12:45:42+01:00,,,,R19701_1,534089,Completed,19701,366634,1,1,0,7,4,0,,2025-10-28T12:45:23+01:00,,366634,Illumina,Ready,F1_SetC_Pl3,"Mus musculus",RNA-Seq,Cx,"single cell",M11-Emx1creER,,,,,"Florian Pauler",Hippenmeyer,none,"none Illumina",,100-700,200-1000,1,0,Standard,"IDT-ILMN Nextera DNA UD Indexes v3",7198,5198,,TAATTCTGCT,TCTCATCAAT,,2025-10-21T00:00:00+02:00,2025-10-22T00:00:00+02:00,2025-10-22T13:35:08+02:00
19701,"Florian Pauler",Hippenmeyer,Completed,Illumina,0,"NovaSeqX 10B XP flowcell PairedEnd 150 - single lane",1,,,-,"~40 yl of 11nM, library. Smart-Seq v3. PhiX requested to be 15%",287,2025-10-20T00:00:00+02:00,2025-10-21T00:00:00+02:00,2025-10-28T00:00:00+01:00,7,2025-10-28T12:45:42+01:00,3575,"Organoid PatchSeq",,131,12,2025-10-18T12:25:42+02:00,,Created,,1,2025-10-20T00:00:00+02:00,2025-10-20T13:54:55+02:00,"Florian Pauler",Hippenmeyer,27829,19701,1,Completed,1,15,0,qpcr,21714,287,no_spikeins,1,,None,Standard,,7,4,2025-10-28T12:45:42+01:00,,,,R19701_1,534090,Completed,19701,366633,1,1,0,7,4,0,,2025-10-28T12:45:23+01:00,,366633,Illumina,Ready,E1_SetC_Pl3,"Mus musculus",RNA-Seq,Cx,"single cell",M11-Emx1creER,,,,,"Florian Pauler",Hippenmeyer,none,"none Illumina",,100-700,200-1000,1,0,Standard,"IDT-ILMN Nextera DNA UD Indexes v3",7197,5197,,TCCTGGTTGT,CTGACCGGCA,,2025-10-21T00:00:00+02:00,2025-10-22T00:00:00+02:00,2025-10-22T13:35:08+02:00
19701,"Florian Pauler",Hippenmeyer,Completed,Illumina,0,"NovaSeqX 10B XP flowcell PairedEnd 150 - single lane",1,,,-,"~40 yl of 11nM, library. Smart-Seq v3. PhiX requested to be 15%",287,2025-10-20T00:00:00+02:00,2025-10-21T00:00:00+02:00,2025-10-28T00:00:00+01:00,7,2025-10-28T12:45:42+01:00,3575,"Organoid PatchSeq",,131,12,2025-10-18T12:25:42+02:00,,Created,,1,2025-10-20T00:00:00+02:00,2025-10-20T13:54:55+02:00,"Florian Pauler",Hippenmeyer,27829,19701,1,Completed,1,15,0,qpcr,21714,287,no_spikeins,1,,None,Standard,,7,4,2025-10-28T12:45:42+01:00,,,,R19701_1,534091,Completed,19701,366632,1,1,0,7,4,0,,2025-10-28T12:45:23+01:00,,366632,Illumina,Ready,D1_SetC_Pl3,"Mus musculus",RNA-Seq,Cx,"single cell",M11-Emx1creER,,,,,"Florian Pauler",Hippenmeyer,none,"none Illumina",,100-700,200-1000,1,0,Standard,"IDT-ILMN Nextera DNA UD Indexes v3",7196,5196,,GTTGGCCATC,TGACATTCGT,,2025-10-21T00:00:00+02:00,2025-10-22T00:00:00+02:00,2025-10-22T13:35:09+02:00
19701,"Florian Pauler",Hippenmeyer,Completed,Illumina,0,"NovaSeqX 10B XP flowcell PairedEnd 150 - single lane",1,,,-,"~40 yl of 11nM, library. Smart-Seq v3. PhiX requested to be 15%",287,2025-10-20T00:00:00+02:00,2025-10-21T00:00:00+02:00,2025-10-28T00:00:00+01:00,7,2025-10-28T12:45:42+01:00,3575,"Organoid PatchSeq",,131,12,2025-10-18T12:25:42+02:00,,Created,,1,2025-10-20T00:00:00+02:00,2025-10-20T13:54:55+02:00,"Florian Pauler",Hippenmeyer,27829,19701,1,Completed,1,15,0,qpcr,21714,287,no_spikeins,1,,None,Standard,,7,4,2025-10-28T12:45:42+01:00,,,,R19701_1,534092,Completed,19701,366631,1,1,0,7,4,0,,2025-10-28T12:45:23+01:00,,366631,Illumina,Ready,C1_SetC_Pl3,"Mus musculus",RNA-Seq,Cx,"single cell",M11-Emx1creER,,,,,"Florian Pauler",Hippenmeyer,none,"none Illumina",,100-700,200-1000,1,0,Standard,"IDT-ILMN Nextera DNA UD Indexes v3",7195,5195,,GTTATATCGC,AAGACAAGGA,,2025-10-21T00:00:00+02:00,2025-10-22T00:00:00+02:00,2025-10-22T13:35:09+02:00
19701,"Florian Pauler",Hippenmeyer,Completed,Illumina,0,"NovaSeqX 10B XP flowcell PairedEnd 150 - single lane",1,,,-,"~40 yl of 11nM, library. Smart-Seq v3. PhiX requested to be 15%",287,2025-10-20T00:00:00+02:00,2025-10-21T00:00:00+02:00,2025-10-28T00:00:00+01:00,7,2025-10-28T12:45:42+01:00,3575,"Organoid PatchSeq",,131,12,2025-10-18T12:25:42+02:00,,Created,,1,2025-10-20T00:00:00+02:00,2025-10-20T13:54:55+02:00,"Florian Pauler",Hippenmeyer,27829,19701,1,Completed,1,15,0,qpcr,21714,287,no_spikeins,1,,None,Standard,,7,4,2025-10-28T12:45:42+01:00,,,,R19701_1,534093,Completed,19701,366630,1,1,0,7,4,0,,2025-10-28T12:45:23+01:00,,366630,Illumina,Ready,B1_SetC_Pl3,"Mus musculus",RNA-Seq,Cx,"single cell",M11-Emx1creER,,,,,"Florian Pauler",Hippenmeyer,none,"none Illumina",,100-700,200-1000,1,0,Standard,"IDT-ILMN Nextera DNA UD Indexes v3",7194,5194,,TCCTACGTCA,TACTTAAGTG,,2025-10-21T00:00:00+02:00,2025-10-22T00:00:00+02:00,2025-10-22T13:35:09+02:00
19701,"Florian Pauler",Hippenmeyer,Completed,Illumina,0,"NovaSeqX 10B XP flowcell PairedEnd 150 - single lane",1,,,-,"~40 yl of 11nM, library. Smart-Seq v3. PhiX requested to be 15%",287,2025-10-20T00:00:00+02:00,2025-10-21T00:00:00+02:00,2025-10-28T00:00:00+01:00,7,2025-10-28T12:45:42+01:00,3575,"Organoid PatchSeq",,131,12,2025-10-18T12:25:42+02:00,,Created,,1,2025-10-20T00:00:00+02:00,2025-10-20T13:54:55+02:00,"Florian Pauler",Hippenmeyer,27829,19701,1,Completed,1,15,0,qpcr,21714,287,no_spikeins,1,,None,Standard,,7,4,2025-10-28T12:45:42+01:00,,,,R19701_1,534094,Completed,19701,366629,1,1,0,7,4,0,,2025-10-28T12:45:23+01:00,,366629,Illumina,Ready,A1_SetC_Pl3,"Mus musculus",RNA-Seq,Cx,"single cell",M11-Emx1creER,,,,,"Florian Pauler",Hippenmeyer,none,"none Illumina",,100-700,200-1000,1,0,Standard,"IDT-ILMN Nextera DNA UD Indexes v3",7193,5193,,ATCGTTACGG,GCTCCGGAAG,,2025-10-21T00:00:00+02:00,2025-10-22T00:00:00+02:00,2025-10-22T13:35:09+02:00
19701,"Florian Pauler",Hippenmeyer,Completed,Illumina,0,"NovaSeqX 10B XP flowcell PairedEnd 150 - single lane",1,,,-,"~40 yl of 11nM, library. Smart-Seq v3. PhiX requested to be 15%",287,2025-10-20T00:00:00+02:00,2025-10-21T00:00:00+02:00,2025-10-28T00:00:00+01:00,7,2025-10-28T12:45:42+01:00,3575,"Organoid PatchSeq",,131,12,2025-10-18T12:25:42+02:00,,Created,,1,2025-10-20T00:00:00+02:00,2025-10-20T13:54:55+02:00,"Florian Pauler",Hippenmeyer,27829,19701,1,Completed,1,15,0,qpcr,21714,287,no_spikeins,1,,None,Standard,,7,4,2025-10-28T12:45:42+01:00,,,,R19701_1,534095,Completed,19701,366628,1,1,0,7,4,0,,2025-10-28T12:45:23+01:00,,366628,Illumina,Ready,H12_SetB_Pl2,"Mus musculus",RNA-Seq,Cx,"single cell",M11-Emx1creER,,,,,"Florian Pauler",Hippenmeyer,none,"none Illumina",,100-700,200-1000,1,0,Standard,"IDT-ILMN Nextera DNA UD Indexes v3",7192,5192,,CCGGTAACAC,GAGTTGTACT,,2025-10-21T00:00:00+02:00,2025-10-22T00:00:00+02:00,2025-10-22T13:35:09+02:00
19701,"Florian Pauler",Hippenmeyer,Completed,Illumina,0,"NovaSeqX 10B XP flowcell PairedEnd 150 - single lane",1,,,-,"~40 yl of 11nM, library. Smart-Seq v3. PhiX requested to be 15%",287,2025-10-20T00:00:00+02:00,2025-10-21T00:00:00+02:00,2025-10-28T00:00:00+01:00,7,2025-10-28T12:45:42+01:00,3575,"Organoid PatchSeq",,131,12,2025-10-18T12:25:42+02:00,,Created,,1,2025-10-20T00:00:00+02:00,2025-10-20T13:54:55+02:00,"Florian Pauler",Hippenmeyer,27829,19701,1,Completed,1,15,0,qpcr,21714,287,no_spikeins,1,,None,Standard,,7,4,2025-10-28T12:45:42+01:00,,,,R19701_1,534096,Completed,19701,366627,1,1,0,7,4,0,,2025-10-28T12:45:23+01:00,,366627,Illumina,Ready,G12_SetB_Pl2,"Mus musculus",RNA-Seq,Cx,"single cell",M11-Emx1creER,,,,,"Florian Pauler",Hippenmeyer,none,"none Illumina",,100-700,200-1000,1,0,Standard,"IDT-ILMN Nextera DNA UD Indexes v3",7191,5191,,TTGAATGTTG,CGCAATCTAG,,2025-10-21T00:00:00+02:00,2025-10-22T00:00:00+02:00,2025-10-22T13:35:09+02:00
19701,"Florian Pauler",Hippenmeyer,Completed,Illumina,0,"NovaSeqX 10B XP flowcell PairedEnd 150 - single lane",1,,,-,"~40 yl of 11nM, library. Smart-Seq v3. PhiX requested to be 15%",287,2025-10-20T00:00:00+02:00,2025-10-21T00:00:00+02:00,2025-10-28T00:00:00+01:00,7,2025-10-28T12:45:42+01:00,3575,"Organoid PatchSeq",,131,12,2025-10-18T12:25:42+02:00,,Created,,1,2025-10-20T00:00:00+02:00,2025-10-20T13:54:55+02:00,"Florian Pauler",Hippenmeyer,27829,19701,1,Completed,1,15,0,qpcr,21714,287,no_spikeins,1,,None,Standard,,7,4,2025-10-28T12:45:42+01:00,,,,R19701_1,534097,Completed,19701,366626,1,1,0,7,4,0,,2025-10-28T12:45:23+01:00,,366626,Illumina,Ready,F12_SetB_Pl2,"Mus musculus",RNA-Seq,Cx,"single cell",M11-Emx1creER,,,,,"Florian Pauler",Hippenmeyer,none,"none Illumina",,100-700,200-1000,1,0,Standard,"IDT-ILMN Nextera DNA UD Indexes v3",7190,5190,,CACCTTAATC,TTAGGATAGA,,2025-10-21T00:00:00+02:00,2025-10-22T00:00:00+02:00,2025-10-22T13:35:10+02:00
19701,"Florian Pauler",Hippenmeyer,Completed,Illumina,0,"NovaSeqX 10B XP flowcell PairedEnd 150 - single lane",1,,,-,"~40 yl of 11nM, library. Smart-Seq v3. PhiX requested to be 15%",287,2025-10-20T00:00:00+02:00,2025-10-21T00:00:00+02:00,2025-10-28T00:00:00+01:00,7,2025-10-28T12:45:42+01:00,3575,"Organoid PatchSeq",,131,12,2025-10-18T12:25:42+02:00,,Created,,1,2025-10-20T00:00:00+02:00,2025-10-20T13:54:55+02:00,"Florian Pauler",Hippenmeyer,27829,19701,1,Completed,1,15,0,qpcr,21714,287,no_spikeins,1,,None,Standard,,7,4,2025-10-28T12:45:42+01:00,,,,R19701_1,534098,Completed,19701,366625,1,1,0,7,4,0,,2025-10-28T12:45:23+01:00,,366625,Illumina,Ready,E12_SetB_Pl2,"Mus musculus",RNA-Seq,Cx,"single cell",M11-Emx1creER,,,,,"Florian Pauler",Hippenmeyer,none,"none Illumina",,100-700,200-1000,1,0,Standard,"IDT-ILMN Nextera DNA UD Indexes v3",7189,5189,,CAACACCGCA,GGCAGTAGCA,,2025-10-21T00:00:00+02:00,2025-10-22T00:00:00+02:00,2025-10-22T13:35:10+02:00
19701,"Florian Pauler",Hippenmeyer,Completed,Illumina,0,"NovaSeqX 10B XP flowcell PairedEnd 150 - single lane",1,,,-,"~40 yl of 11nM, library. Smart-Seq v3. PhiX requested to be 15%",287,2025-10-20T00:00:00+02:00,2025-10-21T00:00:00+02:00,2025-10-28T00:00:00+01:00,7,2025-10-28T12:45:42+01:00,3575,"Organoid PatchSeq",,131,12,2025-10-18T12:25:42+02:00,,Created,,1,2025-10-20T00:00:00+02:00,2025-10-20T13:54:55+02:00,"Florian Pauler",Hippenmeyer,27829,19701,1,Completed,1,15,0,qpcr,21714,287,no_spikeins,1,,None,Standard,,7,4,2025-10-28T12:45:42+01:00,,,,R19701_1,534099,Completed,19701,366624,1,1,0,7,4,0,,2025-10-28T12:45:24+01:00,,366624,Illumina,Ready,D12_SetB_Pl2,"Mus musculus",RNA-Seq,Cx,"single cell",M11-Emx1creER,,,,,"Florian Pauler",Hippenmeyer,none,"none Illumina",,100-700,200-1000,1,0,Standard,"IDT-ILMN Nextera DNA UD Indexes v3",7188,5188,,TGCTACTGCC,CAACCGGAGG,,2025-10-21T00:00:00+02:00,2025-10-22T00:00:00+02:00,2025-10-22T13:35:10+02:00
19701,"Florian Pauler",Hippenmeyer,Completed,Illumina,0,"NovaSeqX 10B XP flowcell PairedEnd 150 - single lane",1,,,-,"~40 yl of 11nM, library. Smart-Seq v3. PhiX requested to be 15%",287,2025-10-20T00:00:00+02:00,2025-10-21T00:00:00+02:00,2025-10-28T00:00:00+01:00,7,2025-10-28T12:45:42+01:00,3575,"Organoid PatchSeq",,131,12,2025-10-18T12:25:42+02:00,,Created,,1,2025-10-20T00:00:00+02:00,2025-10-20T13:54:55+02:00,"Florian Pauler",Hippenmeyer,27829,19701,1,Completed,1,15,0,qpcr,21714,287,no_spikeins,1,,None,Standard,,7,4,2025-10-28T12:45:42+01:00,,,,R19701_1,534100,Completed,19701,366623,1,1,0,7,4,0,,2025-10-28T12:45:24+01:00,,366623,Illumina,Ready,C12_SetB_Pl2,"Mus musculus",RNA-Seq,Cx,"single cell",M11-Emx1creER,,,,,"Florian Pauler",Hippenmeyer,none,"none Illumina",,100-700,200-1000,1,0,Standard,"IDT-ILMN Nextera DNA UD Indexes v3",7187,5187,,AGCGCCACAC,CTAATGTCTT,,2025-10-21T00:00:00+02:00,2025-10-22T00:00:00+02:00,2025-10-22T13:35:10+02:00
19701,"Florian Pauler",Hippenmeyer,Completed,Illumina,0,"NovaSeqX 10B XP flowcell PairedEnd 150 - single lane",1,,,-,"~40 yl of 11nM, library. Smart-Seq v3. PhiX requested to be 15%",287,2025-10-20T00:00:00+02:00,2025-10-21T00:00:00+02:00,2025-10-28T00:00:00+01:00,7,2025-10-28T12:45:42+01:00,3575,"Organoid PatchSeq",,131,12,2025-10-18T12:25:42+02:00,,Created,,1,2025-10-20T00:00:00+02:00,2025-10-20T13:54:55+02:00,"Florian Pauler",Hippenmeyer,27829,19701,1,Completed,1,15,0,qpcr,21714,287,no_spikeins,1,,None,Standard,,7,4,2025-10-28T12:45:42+01:00,,,,R19701_1,534101,Completed,19701,366622,1,1,0,7,4,0,,2025-10-28T12:45:24+01:00,,366622,Illumina,Ready,B12_SetB_Pl2,"Mus musculus",RNA-Seq,Cx,"single cell",M11-Emx1creER,,,,,"Florian Pauler",Hippenmeyer,none,"none Illumina",,100-700,200-1000,1,0,Standard,"IDT-ILMN Nextera DNA UD Indexes v3",7186,5186,,GTAACTTGGT,CGCCATACCT,,2025-10-21T00:00:00+02:00,2025-10-22T00:00:00+02:00,2025-10-22T13:35:10+02:00
19701,"Florian Pauler",Hippenmeyer,Completed,Illumina,0,"NovaSeqX 10B XP flowcell PairedEnd 150 - single lane",1,,,-,"~40 yl of 11nM, library. Smart-Seq v3. PhiX requested to be 15%",287,2025-10-20T00:00:00+02:00,2025-10-21T00:00:00+02:00,2025-10-28T00:00:00+01:00,7,2025-10-28T12:45:42+01:00,3575,"Organoid PatchSeq",,131,12,2025-10-18T12:25:42+02:00,,Created,,1,2025-10-20T00:00:00+02:00,2025-10-20T13:54:55+02:00,"Florian Pauler",Hippenmeyer,27829,19701,1,Completed,1,15,0,qpcr,21714,287,no_spikeins,1,,None,Standard,,7,4,2025-10-28T12:45:42+01:00,,,,R19701_1,534102,Completed,19701,366621,1,1,0,7,4,0,,2025-10-28T12:45:24+01:00,,366621,Illumina,Ready,A12_SetB_Pl2,"Mus musculus",RNA-Seq,Cx,"single cell",M11-Emx1creER,,,,,"Florian Pauler",Hippenmeyer,none,"none Illumina",,100-700,200-1000,1,0,Standard,"IDT-ILMN Nextera DNA UD Indexes v3",7185,5185,,ACGGTCCAAC,TCTTACATCA,,2025-10-21T00:00:00+02:00,2025-10-22T00:00:00+02:00,2025-10-22T13:35:10+02:00
19701,"Florian Pauler",Hippenmeyer,Completed,Illumina,0,"NovaSeqX 10B XP flowcell PairedEnd 150 - single lane",1,,,-,"~40 yl of 11nM, library. Smart-Seq v3. PhiX requested to be 15%",287,2025-10-20T00:00:00+02:00,2025-10-21T00:00:00+02:00,2025-10-28T00:00:00+01:00,7,2025-10-28T12:45:42+01:00,3575,"Organoid PatchSeq",,131,12,2025-10-18T12:25:42+02:00,,Created,,1,2025-10-20T00:00:00+02:00,2025-10-20T13:54:55+02:00,"Florian Pauler",Hippenmeyer,27829,19701,1,Completed,1,15,0,qpcr,21714,287,no_spikeins,1,,None,Standard,,7,4,2025-10-28T12:45:42+01:00,,,,R19701_1,534103,Completed,19701,366620,1,1,0,7,4,0,,2025-10-28T12:45:24+01:00,,366620,Illumina,Ready,H11_SetB_Pl2,"Mus musculus",RNA-Seq,Cx,"single cell",M11-Emx1creER,,,,,"Florian Pauler",Hippenmeyer,none,"none Illumina",,100-700,200-1000,1,0,Standard,"IDT-ILMN Nextera DNA UD Indexes v3",7184,5184,,ATCCAGGTAT,CAACGTCAGC,,2025-10-21T00:00:00+02:00,2025-10-22T00:00:00+02:00,2025-10-22T13:35:10+02:00
19701,"Florian Pauler",Hippenmeyer,Completed,Illumina,0,"NovaSeqX 10B XP flowcell PairedEnd 150 - single lane",1,,,-,"~40 yl of 11nM, library. Smart-Seq v3. PhiX requested to be 15%",287,2025-10-20T00:00:00+02:00,2025-10-21T00:00:00+02:00,2025-10-28T00:00:00+01:00,7,2025-10-28T12:45:42+01:00,3575,"Organoid PatchSeq",,131,12,2025-10-18T12:25:42+02:00,,Created,,1,2025-10-20T00:00:00+02:00,2025-10-20T13:54:55+02:00,"Florian Pauler",Hippenmeyer,27829,19701,1,Completed,1,15,0,qpcr,21714,287,no_spikeins,1,,None,Standard,,7,4,2025-10-28T12:45:42+01:00,,,,R19701_1,534104,Completed,19701,366619,1,1,0,7,4,0,,2025-10-28T12:45:24+01:00,,366619,Illumina,Ready,G11_SetB_Pl2,"Mus musculus",RNA-Seq,Cx,"single cell",M11-Emx1creER,,,,,"Florian Pauler",Hippenmeyer,none,"none Illumina",,100-700,200-1000,1,0,Standard,"IDT-ILMN Nextera DNA UD Indexes v3",7183,5183,,TTCCTACAGC,GGCGAATTCT,,2025-10-21T00:00:00+02:00,2025-10-22T00:00:00+02:00,2025-10-22T13:35:11+02:00
19701,"Florian Pauler",Hippenmeyer,Completed,Illumina,0,"NovaSeqX 10B XP flowcell PairedEnd 150 - single lane",1,,,-,"~40 yl of 11nM, library. Smart-Seq v3. PhiX requested to be 15%",287,2025-10-20T00:00:00+02:00,2025-10-21T00:00:00+02:00,2025-10-28T00:00:00+01:00,7,2025-10-28T12:45:42+01:00,3575,"Organoid PatchSeq",,131,12,2025-10-18T12:25:42+02:00,,Created,,1,2025-10-20T00:00:00+02:00,2025-10-20T13:54:55+02:00,"Florian Pauler",Hippenmeyer,27829,19701,1,Completed,1,15,0,qpcr,21714,287,no_spikeins,1,,None,Standard,,7,4,2025-10-28T12:45:42+01:00,,,,R19701_1,534113,Completed,19701,366610,1,1,0,7,4,0,,2025-10-28T12:45:25+01:00,,366610,Illumina,Ready,F10_SetB_Pl2,"Mus musculus",RNA-Seq,Cx,"single cell",M11-Emx1creER,,,,,"Florian Pauler",Hippenmeyer,none,"none Illumina",,100-700,200-1000,1,0,Standard,"IDT-ILMN Nextera DNA UD Indexes v3",7174,5174,,ATTGTTCGTC,TCTCTAGATT,,2025-10-21T00:00:00+02:00,2025-10-22T00:00:00+02:00,2025-10-22T13:35:12+02:00
19701,"Florian Pauler",Hippenmeyer,Completed,Illumina,0,"NovaSeqX 10B XP flowcell PairedEnd 150 - single lane",1,,,-,"~40 yl of 11nM, library. Smart-Seq v3. PhiX requested to be 15%",287,2025-10-20T00:00:00+02:00,2025-10-21T00:00:00+02:00,2025-10-28T00:00:00+01:00,7,2025-10-28T12:45:42+01:00,3575,"Organoid PatchSeq",,131,12,2025-10-18T12:25:42+02:00,,Created,,1,2025-10-20T00:00:00+02:00,2025-10-20T13:54:55+02:00,"Florian Pauler",Hippenmeyer,27829,19701,1,Completed,1,15,0,qpcr,21714,287,no_spikeins,1,,None,Standard,,7,4,2025-10-28T12:45:42+01:00,,,,R19701_1,534114,Completed,19701,366609,1,1,0,7,4,0,,2025-10-28T12:45:25+01:00,,366609,Illumina,Ready,E10_SetB_Pl2,"Mus musculus",RNA-Seq,Cx,"single cell",M11-Emx1creER,,,,,"Florian Pauler",Hippenmeyer,none,"none Illumina",,100-700,200-1000,1,0,Standard,"IDT-ILMN Nextera DNA UD Indexes v3",7173,5173,,GTCCACCGCT,TCCTATTAGC,,2025-10-21T00:00:00+02:00,2025-10-22T00:00:00+02:00,2025-10-22T13:35:12+02:00
19701,"Florian Pauler",Hippenmeyer,Completed,Illumina,0,"NovaSeqX 10B XP flowcell PairedEnd 150 - single lane",1,,,-,"~40 yl of 11nM, library. Smart-Seq v3. PhiX requested to be 15%",287,2025-10-20T00:00:00+02:00,2025-10-21T00:00:00+02:00,2025-10-28T00:00:00+01:00,7,2025-10-28T12:45:42+01:00,3575,"Organoid PatchSeq",,131,12,2025-10-18T12:25:42+02:00,,Created,,1,2025-10-20T00:00:00+02:00,2025-10-20T13:54:55+02:00,"Florian Pauler",Hippenmeyer,27829,19701,1,Completed,1,15,0,qpcr,21714,287,no_spikeins,1,,None,Standard,,7,4,2025-10-28T12:45:42+01:00,,,,R19701_1,534115,Completed,19701,366608,1,1,0,7,4,0,,2025-10-28T12:45:25+01:00,,366608,Illumina,Ready,D10_SetB_Pl2,"Mus musculus",RNA-Seq,Cx,"single cell",M11-Emx1creER,,,,,"Florian Pauler",Hippenmeyer,none,"none Illumina",,100-700,200-1000,1,0,Standard,"IDT-ILMN Nextera DNA UD Indexes v3",7172,5172,,CCTCCGGTTG,CATAACACCA,,2025-10-21T00:00:00+02:00,2025-10-22T00:00:00+02:00,2025-10-22T13:35:12+02:00
19701,"Florian Pauler",Hippenmeyer,Completed,Illumina,0,"NovaSeqX 10B XP flowcell PairedEnd 150 - single lane",1,,,-,"~40 yl of 11nM, library. Smart-Seq v3. PhiX requested to be 15%",287,2025-10-20T00:00:00+02:00,2025-10-21T00:00:00+02:00,2025-10-28T00:00:00+01:00,7,2025-10-28T12:45:42+01:00,3575,"Organoid PatchSeq",,131,12,2025-10-18T12:25:42+02:00,,Created,,1,2025-10-20T00:00:00+02:00,2025-10-20T13:54:55+02:00,"Florian Pauler",Hippenmeyer,27829,19701,1,Completed,1,15,0,qpcr,21714,287,no_spikeins,1,,None,Standard,,7,4,2025-10-28T12:45:42+01:00,,,,R19701_1,534116,Completed,19701,366607,1,1,0,7,4,0,,2025-10-28T12:45:25+01:00,,366607,Illumina,Ready,C10_SetB_Pl2,"Mus musculus",RNA-Seq,Cx,"single cell",M11-Emx1creER,,,,,"Florian Pauler",Hippenmeyer,none,"none Illumina",,100-700,200-1000,1,0,Standard,"IDT-ILMN Nextera DNA UD Indexes v3",7171,5171,,AGGCGTTCGC,TTCATCCAAC,,2025-10-21T00:00:00+02:00,2025-10-22T00:00:00+02:00,2025-10-22T13:35:13+02:00
19701,"Florian Pauler",Hippenmeyer,Completed,Illumina,0,"NovaSeqX 10B XP flowcell PairedEnd 150 - single lane",1,,,-,"~40 yl of 11nM, library. Smart-Seq v3. PhiX requested to be 15%",287,2025-10-20T00:00:00+02:00,2025-10-21T00:00:00+02:00,2025-10-28T00:00:00+01:00,7,2025-10-28T12:45:42+01:00,3575,"Organoid PatchSeq",,131,12,2025-10-18T12:25:42+02:00,,Created,,1,2025-10-20T00:00:00+02:00,2025-10-20T13:54:55+02:00,"Florian Pauler",Hippenmeyer,27829,19701,1,Completed,1,15,0,qpcr,21714,287,no_spikeins,1,,None,Standard,,7,4,2025-10-28T12:45:42+01:00,,,,R19701_1,534117,Completed,19701,366606,1,1,0,7,4,0,,2025-10-28T12:45:25+01:00,,366606,Illumina,Ready,B10_SetB_Pl2,"Mus musculus",RNA-Seq,Cx,"single cell",M11-Emx1creER,,,,,"Florian Pauler",Hippenmeyer,none,"none Illumina",,100-700,200-1000,1,0,Standard,"IDT-ILMN Nextera DNA UD Indexes v3",7170,5170,,GCACCACCAA,TGGTACTGAT,,2025-10-21T00:00:00+02:00,2025-10-22T00:00:00+02:00,2025-10-22T13:35:13+02:00
19701,"Florian Pauler",Hippenmeyer,Completed,Illumina,0,"NovaSeqX 10B XP flowcell PairedEnd 150 - single lane",1,,,-,"~40 yl of 11nM, library. Smart-Seq v3. PhiX requested to be 15%",287,2025-10-20T00:00:00+02:00,2025-10-21T00:00:00+02:00,2025-10-28T00:00:00+01:00,7,2025-10-28T12:45:42+01:00,3575,"Organoid PatchSeq",,131,12,2025-10-18T12:25:42+02:00,,Created,,1,2025-10-20T00:00:00+02:00,2025-10-20T13:54:55+02:00,"Florian Pauler",Hippenmeyer,27829,19701,1,Completed,1,15,0,qpcr,21714,287,no_spikeins,1,,None,Standard,,7,4,2025-10-28T12:45:42+01:00,,,,R19701_1,534118,Completed,19701,366605,1,1,0,7,4,0,,2025-10-28T12:45:26+01:00,,366605,Illumina,Ready,A10_SetB_Pl2,"Mus musculus",RNA-Seq,Cx,"single cell",M11-Emx1creER,,,,,"Florian Pauler",Hippenmeyer,none,"none Illumina",,100-700,200-1000,1,0,Standard,"IDT-ILMN Nextera DNA UD Indexes v3",7169,5169,,ATGTTGTTGG,CAATCTATGA,,2025-10-21T00:00:00+02:00,2025-10-22T00:00:00+02:00,2025-10-22T13:35:13+02:00
19701,"Florian Pauler",Hippenmeyer,Completed,Illumina,0,"NovaSeqX 10B XP flowcell PairedEnd 150 - single lane",1,,,-,"~40 yl of 11nM, library. Smart-Seq v3. PhiX requested to be 15%",287,2025-10-20T00:00:00+02:00,2025-10-21T00:00:00+02:00,2025-10-28T00:00:00+01:00,7,2025-10-28T12:45:42+01:00,3575,"Organoid PatchSeq",,131,12,2025-10-18T12:25:42+02:00,,Created,,1,2025-10-20T00:00:00+02:00,2025-10-20T13:54:55+02:00,"Florian Pauler",Hippenmeyer,27829,19701,1,Completed,1,15,0,qpcr,21714,287,no_spikeins,1,,None,Standard,,7,4,2025-10-28T12:45:42+01:00,,,,R19701_1,534119,Completed,19701,366604,1,1,0,7,4,0,,2025-10-28T12:45:26+01:00,,366604,Illumina,Ready,H9_SetB_Pl2,"Mus musculus",RNA-Seq,Cx,"single cell",M11-Emx1creER,,,,,"Florian Pauler",Hippenmeyer,none,"none Illumina",,100-700,200-1000,1,0,Standard,"IDT-ILMN Nextera DNA UD Indexes v3",7168,5168,,TATGACAATC,TTGCTTGTAT,,2025-10-21T00:00:00+02:00,2025-10-22T00:00:00+02:00,2025-10-22T13:35:14+02:00
19701,"Florian Pauler",Hippenmeyer,Completed,Illumina,0,"NovaSeqX 10B XP flowcell PairedEnd 150 - single lane",1,,,-,"~40 yl of 11nM, library. Smart-Seq v3. PhiX requested to be 15%",287,2025-10-20T00:00:00+02:00,2025-10-21T00:00:00+02:00,2025-10-28T00:00:00+01:00,7,2025-10-28T12:45:42+01:00,3575,"Organoid PatchSeq",,131,12,2025-10-18T12:25:42+02:00,,Created,,1,2025-10-20T00:00:00+02:00,2025-10-20T13:54:55+02:00,"Florian Pauler",Hippenmeyer,27829,19701,1,Completed,1,15,0,qpcr,21714,287,no_spikeins,1,,None,Standard,,7,4,2025-10-28T12:45:42+01:00,,,,R19701_1,534120,Completed,19701,366603,1,1,0,7,4,0,,2025-10-28T12:45:26+01:00,,366603,Illumina,Ready,G9_SetB_Pl2,"Mus musculus",RNA-Seq,Cx,"single cell",M11-Emx1creER,,,,,"Florian Pauler",Hippenmeyer,none,"none Illumina",,100-700,200-1000,1,0,Standard,"IDT-ILMN Nextera DNA UD Indexes v3",7167,5167,,AGCCTATGAT,CACCACCTAC,,2025-10-21T00:00:00+02:00,2025-10-22T00:00:00+02:00,2025-10-22T13:35:15+02:00
19701,"Florian Pauler",Hippenmeyer,Completed,Illumina,0,"NovaSeqX 10B XP flowcell PairedEnd 150 - single lane",1,,,-,"~40 yl of 11nM, library. Smart-Seq v3. PhiX requested to be 15%",287,2025-10-20T00:00:00+02:00,2025-10-21T00:00:00+02:00,2025-10-28T00:00:00+01:00,7,2025-10-28T12:45:42+01:00,3575,"Organoid PatchSeq",,131,12,2025-10-18T12:25:42+02:00,,Created,,1,2025-10-20T00:00:00+02:00,2025-10-20T13:54:55+02:00,"Florian Pauler",Hippenmeyer,27829,19701,1,Completed,1,15,0,qpcr,21714,287,no_spikeins,1,,None,Standard,,7,4,2025-10-28T12:45:42+01:00,,,,R19701_1,534121,Completed,19701,366602,1,1,0,7,4,0,,2025-10-28T12:45:26+01:00,,366602,Illumina,Ready,F9_SetB_Pl2,"Mus musculus",RNA-Seq,Cx,"single cell",M11-Emx1creER,,,,,"Florian Pauler",Hippenmeyer,none,"none Illumina",,100-700,200-1000,1,0,Standard,"IDT-ILMN Nextera DNA UD Indexes v3",7166,5166,,CATATGCGAT,CCTTGAACGG,,2025-10-21T00:00:00+02:00,2025-10-22T00:00:00+02:00,2025-10-22T13:35:16+02:00
19701,"Florian Pauler",Hippenmeyer,Completed,Illumina,0,"NovaSeqX 10B XP flowcell PairedEnd 150 - single lane",1,,,-,"~40 yl of 11nM, library. Smart-Seq v3. PhiX requested to be 15%",287,2025-10-20T00:00:00+02:00,2025-10-21T00:00:00+02:00,2025-10-28T00:00:00+01:00,7,2025-10-28T12:45:42+01:00,3575,"Organoid PatchSeq",,131,12,2025-10-18T12:25:42+02:00,,Created,,1,2025-10-20T00:00:00+02:00,2025-10-20T13:54:55+02:00,"Florian Pauler",Hippenmeyer,27829,19701,1,Completed,1,15,0,qpcr,21714,287,no_spikeins,1,,None,Standard,,7,4,2025-10-28T12:45:42+01:00,,,,R19701_1,534122,Completed,19701,366601,1,1,0,7,4,0,,2025-10-28T12:45:26+01:00,,366601,Illumina,Ready,E9_SetB_Pl2,"Mus musculus",RNA-Seq,Cx,"single cell",M11-Emx1creER,,,,,"Florian Pauler",Hippenmeyer,none,"none Illumina",,100-700,200-1000,1,0,Standard,"IDT-ILMN Nextera DNA UD Indexes v3",7165,5165,,TTAACCTTCG,AGGCCAGACA,,2025-10-21T00:00:00+02:00,2025-10-22T00:00:00+02:00,2025-10-22T13:35:17+02:00
19701,"Florian Pauler",Hippenmeyer,Completed,Illumina,0,"NovaSeqX 10B XP flowcell PairedEnd 150 - single lane",1,,,-,"~40 yl of 11nM, library. Smart-Seq v3. PhiX requested to be 15%",287,2025-10-20T00:00:00+02:00,2025-10-21T00:00:00+02:00,2025-10-28T00:00:00+01:00,7,2025-10-28T12:45:42+01:00,3575,"Organoid PatchSeq",,131,12,2025-10-18T12:25:42+02:00,,Created,,1,2025-10-20T00:00:00+02:00,2025-10-20T13:54:55+02:00,"Florian Pauler",Hippenmeyer,27829,19701,1,Completed,1,15,0,qpcr,21714,287,no_spikeins,1,,None,Standard,,7,4,2025-10-28T12:45:42+01:00,,,,R19701_1,534123,Completed,19701,366600,1,1,0,7,4,0,,2025-10-28T12:45:26+01:00,,366600,Illumina,Ready,D9_SetB_Pl2,"Mus musculus",RNA-Seq,Cx,"single cell",M11-Emx1creER,,,,,"Florian Pauler",Hippenmeyer,none,"none Illumina",,100-700,200-1000,1,0,Standard,"IDT-ILMN Nextera DNA UD Indexes v3",7164,5164,,CGTGTACCAG,AGGATAAGTT,,2025-10-21T00:00:00+02:00,2025-10-22T00:00:00+02:00,2025-10-22T13:35:18+02:00
19701,"Florian Pauler",Hippenmeyer,Completed,Illumina,0,"NovaSeqX 10B XP flowcell PairedEnd 150 - single lane",1,,,-,"~40 yl of 11nM, library. Smart-Seq v3. PhiX requested to be 15%",287,2025-10-20T00:00:00+02:00,2025-10-21T00:00:00+02:00,2025-10-28T00:00:00+01:00,7,2025-10-28T12:45:42+01:00,3575,"Organoid PatchSeq",,131,12,2025-10-18T12:25:42+02:00,,Created,,1,2025-10-20T00:00:00+02:00,2025-10-20T13:54:55+02:00,"Florian Pauler",Hippenmeyer,27829,19701,1,Completed,1,15,0,qpcr,21714,287,no_spikeins,1,,None,Standard,,7,4,2025-10-28T12:45:42+01:00,,,,R19701_1,534124,Completed,19701,366599,1,1,0,7,4,0,,2025-10-28T12:45:26+01:00,,366599,Illumina,Ready,C9_SetB_Pl2,"Mus musculus",RNA-Seq,Cx,"single cell",M11-Emx1creER,,,,,"Florian Pauler",Hippenmeyer,none,"none Illumina",,100-700,200-1000,1,0,Standard,"IDT-ILMN Nextera DNA UD Indexes v3",7163,5163,,ACTTGTTATC,CGCGCCTAGA,,2025-10-21T00:00:00+02:00,2025-10-22T00:00:00+02:00,2025-10-22T13:35:18+02:00
19701,"Florian Pauler",Hippenmeyer,Completed,Illumina,0,"NovaSeqX 10B XP flowcell PairedEnd 150 - single lane",1,,,-,"~40 yl of 11nM, library. Smart-Seq v3. PhiX requested to be 15%",287,2025-10-20T00:00:00+02:00,2025-10-21T00:00:00+02:00,2025-10-28T00:00:00+01:00,7,2025-10-28T12:45:42+01:00,3575,"Organoid PatchSeq",,131,12,2025-10-18T12:25:42+02:00,,Created,,1,2025-10-20T00:00:00+02:00,2025-10-20T13:54:55+02:00,"Florian Pauler",Hippenmeyer,27829,19701,1,Completed,1,15,0,qpcr,21714,287,no_spikeins,1,,None,Standard,,7,4,2025-10-28T12:45:42+01:00,,,,R19701_1,534125,Completed,19701,366598,1,1,0,7,4,0,,2025-10-28T12:45:26+01:00,,366598,Illumina,Ready,B9_SetB_Pl2,"Mus musculus",RNA-Seq,Cx,"single cell",M11-Emx1creER,,,,,"Florian Pauler",Hippenmeyer,none,"none Illumina",,100-700,200-1000,1,0,Standard,"IDT-ILMN Nextera DNA UD Indexes v3",7162,5162,,TTAACGGTGT,TCCTGACCGT,,2025-10-21T00:00:00+02:00,2025-10-22T00:00:00+02:00,2025-10-22T13:35:19+02:00
19701,"Florian Pauler",Hippenmeyer,Completed,Illumina,0,"NovaSeqX 10B XP flowcell PairedEnd 150 - single lane",1,,,-,"~40 yl of 11nM, library. Smart-Seq v3. PhiX requested to be 15%",287,2025-10-20T00:00:00+02:00,2025-10-21T00:00:00+02:00,2025-10-28T00:00:00+01:00,7,2025-10-28T12:45:42+01:00,3575,"Organoid PatchSeq",,131,12,2025-10-18T12:25:42+02:00,,Created,,1,2025-10-20T00:00:00+02:00,2025-10-20T13:54:55+02:00,"Florian Pauler",Hippenmeyer,27829,19701,1,Completed,1,15,0,qpcr,21714,287,no_spikeins,1,,None,Standard,,7,4,2025-10-28T12:45:42+01:00,,,,R19701_1,534126,Completed,19701,366597,1,1,0,7,4,0,,2025-10-28T12:45:26+01:00,,366597,Illumina,Ready,A9_SetB_Pl2,"Mus musculus",RNA-Seq,Cx,"single cell",M11-Emx1creER,,,,,"Florian Pauler",Hippenmeyer,none,"none Illumina",,100-700,200-1000,1,0,Standard,"IDT-ILMN Nextera DNA UD Indexes v3",7161,5161,,AATTCCATCT,CTTCAGTTAC,,2025-10-21T00:00:00+02:00,2025-10-22T00:00:00+02:00,2025-10-22T13:35:20+02:00
19701,"Florian Pauler",Hippenmeyer,Completed,Illumina,0,"NovaSeqX 10B XP flowcell PairedEnd 150 - single lane",1,,,-,"~40 yl of 11nM, library. Smart-Seq v3. PhiX requested to be 15%",287,2025-10-20T00:00:00+02:00,2025-10-21T00:00:00+02:00,2025-10-28T00:00:00+01:00,7,2025-10-28T12:45:42+01:00,3575,"Organoid PatchSeq",,131,12,2025-10-18T12:25:42+02:00,,Created,,1,2025-10-20T00:00:00+02:00,2025-10-20T13:54:55+02:00,"Florian Pauler",Hippenmeyer,27829,19701,1,Completed,1,15,0,qpcr,21714,287,no_spikeins,1,,None,Standard,,7,4,2025-10-28T12:45:42+01:00,,,,R19701_1,534127,Completed,19701,366596,1,1,0,7,4,0,,2025-10-28T12:45:26+01:00,,366596,Illumina,Ready,H8_SetB_Pl2,"Mus musculus",RNA-Seq,Cx,"single cell",M11-Emx1creER,,,,,"Florian Pauler",Hippenmeyer,none,"none Illumina",,100-700,200-1000,1,0,Standard,"IDT-ILMN Nextera DNA UD Indexes v3",7160,5160,,GTGACGGAGC,TGGCGGTCCA,,2025-10-21T00:00:00+02:00,2025-10-22T00:00:00+02:00,2025-10-22T13:35:20+02:00
19701,"Florian Pauler",Hippenmeyer,Completed,Illumina,0,"NovaSeqX 10B XP flowcell PairedEnd 150 - single lane",1,,,-,"~40 yl of 11nM, library. Smart-Seq v3. PhiX requested to be 15%",287,2025-10-20T00:00:00+02:00,2025-10-21T00:00:00+02:00,2025-10-28T00:00:00+01:00,7,2025-10-28T12:45:42+01:00,3575,"Organoid PatchSeq",,131,12,2025-10-18T12:25:42+02:00,,Created,,1,2025-10-20T00:00:00+02:00,2025-10-20T13:54:55+02:00,"Florian Pauler",Hippenmeyer,27829,19701,1,Completed,1,15,0,qpcr,21714,287,no_spikeins,1,,None,Standard,,7,4,2025-10-28T12:45:42+01:00,,,,R19701_1,534128,Completed,19701,366595,1,1,0,7,4,0,,2025-10-28T12:45:26+01:00,,366595,Illumina,Ready,G8_SetB_Pl2,"Mus musculus",RNA-Seq,Cx,"single cell",M11-Emx1creER,,,,,"Florian Pauler",Hippenmeyer,none,"none Illumina",,100-700,200-1000,1,0,Standard,"IDT-ILMN Nextera DNA UD Indexes v3",7159,5159,,TCCGGACTAG,GACGAACAAT,,2025-10-21T00:00:00+02:00,2025-10-22T00:00:00+02:00,2025-10-22T13:35:21+02:00
19701,"Florian Pauler",Hippenmeyer,Completed,Illumina,0,"NovaSeqX 10B XP flowcell PairedEnd 150 - single lane",1,,,-,"~40 yl of 11nM, library. Smart-Seq v3. PhiX requested to be 15%",287,2025-10-20T00:00:00+02:00,2025-10-21T00:00:00+02:00,2025-10-28T00:00:00+01:00,7,2025-10-28T12:45:42+01:00,3575,"Organoid PatchSeq",,131,12,2025-10-18T12:25:42+02:00,,Created,,1,2025-10-20T00:00:00+02:00,2025-10-20T13:54:55+02:00,"Florian Pauler",Hippenmeyer,27829,19701,1,Completed,1,15,0,qpcr,21714,287,no_spikeins,1,,None,Standard,,7,4,2025-10-28T12:45:42+01:00,,,,R19701_1,534129,Completed,19701,366594,1,1,0,7,4,0,,2025-10-28T12:45:27+01:00,,366594,Illumina,Ready,F8_SetB_Pl2,"Mus musculus",RNA-Seq,Cx,"single cell",M11-Emx1creER,,,,,"Florian Pauler",Hippenmeyer,none,"none Illumina",,100-700,200-1000,1,0,Standard,"IDT-ILMN Nextera DNA UD Indexes v3",7158,5158,,CGATGCGGTT,CCTGCTTGGT,,2025-10-21T00:00:00+02:00,2025-10-22T00:00:00+02:00,2025-10-22T13:35:22+02:00
19701,"Florian Pauler",Hippenmeyer,Completed,Illumina,0,"NovaSeqX 10B XP flowcell PairedEnd 150 - single lane",1,,,-,"~40 yl of 11nM, library. Smart-Seq v3. PhiX requested to be 15%",287,2025-10-20T00:00:00+02:00,2025-10-21T00:00:00+02:00,2025-10-28T00:00:00+01:00,7,2025-10-28T12:45:42+01:00,3575,"Organoid PatchSeq",,131,12,2025-10-18T12:25:42+02:00,,Created,,1,2025-10-20T00:00:00+02:00,2025-10-20T13:54:55+02:00,"Florian Pauler",Hippenmeyer,27829,19701,1,Completed,1,15,0,qpcr,21714,287,no_spikeins,1,,None,Standard,,7,4,2025-10-28T12:45:42+01:00,,,,R19701_1,534130,Completed,19701,366593,1,1,0,7,4,0,,2025-10-28T12:45:27+01:00,,366593,Illumina,Ready,E8_SetB_Pl2,"Mus musculus",RNA-Seq,Cx,"single cell",M11-Emx1creER,,,,,"Florian Pauler",Hippenmeyer,none,"none Illumina",,100-700,200-1000,1,0,Standard,"IDT-ILMN Nextera DNA UD Indexes v3",7157,5157,,CTAGATTGCG,AGATATGGCG,,2025-10-21T00:00:00+02:00,2025-10-22T00:00:00+02:00,2025-10-22T13:35:22+02:00
19701,"Florian Pauler",Hippenmeyer,Completed,Illumina,0,"NovaSeqX 10B XP flowcell PairedEnd 150 - single lane",1,,,-,"~40 yl of 11nM, library. Smart-Seq v3. PhiX requested to be 15%",287,2025-10-20T00:00:00+02:00,2025-10-21T00:00:00+02:00,2025-10-28T00:00:00+01:00,7,2025-10-28T12:45:42+01:00,3575,"Organoid PatchSeq",,131,12,2025-10-18T12:25:42+02:00,,Created,,1,2025-10-20T00:00:00+02:00,2025-10-20T13:54:55+02:00,"Florian Pauler",Hippenmeyer,27829,19701,1,Completed,1,15,0,qpcr,21714,287,no_spikeins,1,,None,Standard,,7,4,2025-10-28T12:45:42+01:00,,,,R19701_1,534131,Completed,19701,366592,1,1,0,7,4,0,,2025-10-28T12:45:27+01:00,,366592,Illumina,Ready,D8_SetB_Pl2,"Mus musculus",RNA-Seq,Cx,"single cell",M11-Emx1creER,,,,,"Florian Pauler",Hippenmeyer,none,"none Illumina",,100-700,200-1000,1,0,Standard,"IDT-ILMN Nextera DNA UD Indexes v3",7156,5156,,GCAATATTCA,GGCGCCAATT,,2025-10-21T00:00:00+02:00,2025-10-22T00:00:00+02:00,2025-10-22T13:35:22+02:00
19701,"Florian Pauler",Hippenmeyer,Completed,Illumina,0,"NovaSeqX 10B XP flowcell PairedEnd 150 - single lane",1,,,-,"~40 yl of 11nM, library. Smart-Seq v3. PhiX requested to be 15%",287,2025-10-20T00:00:00+02:00,2025-10-21T00:00:00+02:00,2025-10-28T00:00:00+01:00,7,2025-10-28T12:45:42+01:00,3575,"Organoid PatchSeq",,131,12,2025-10-18T12:25:42+02:00,,Created,,1,2025-10-20T00:00:00+02:00,2025-10-20T13:54:55+02:00,"Florian Pauler",Hippenmeyer,27829,19701,1,Completed,1,15,0,qpcr,21714,287,no_spikeins,1,,None,Standard,,7,4,2025-10-28T12:45:42+01:00,,,,R19701_1,534132,Completed,19701,366591,1,1,0,7,4,0,,2025-10-28T12:45:27+01:00,,366591,Illumina,Ready,C8_SetB_Pl2,"Mus musculus",RNA-Seq,Cx,"single cell",M11-Emx1creER,,,,,"Florian Pauler",Hippenmeyer,none,"none Illumina",,100-700,200-1000,1,0,Standard,"IDT-ILMN Nextera DNA UD Indexes v3",7155,5155,,ATGTCGTATT,TTCTTGCTGG,,2025-10-21T00:00:00+02:00,2025-10-22T00:00:00+02:00,2025-10-22T13:35:22+02:00
19701,"Florian Pauler",Hippenmeyer,Completed,Illumina,0,"NovaSeqX 10B XP flowcell PairedEnd 150 - single lane",1,,,-,"~40 yl of 11nM, library. Smart-Seq v3. PhiX requested to be 15%",287,2025-10-20T00:00:00+02:00,2025-10-21T00:00:00+02:00,2025-10-28T00:00:00+01:00,7,2025-10-28T12:45:42+01:00,3575,"Organoid PatchSeq",,131,12,2025-10-18T12:25:42+02:00,,Created,,1,2025-10-20T00:00:00+02:00,2025-10-20T13:54:55+02:00,"Florian Pauler",Hippenmeyer,27829,19701,1,Completed,1,15,0,qpcr,21714,287,no_spikeins,1,,None,Standard,,7,4,2025-10-28T12:45:42+01:00,,,,R19701_1,534133,Completed,19701,366590,1,1,0,7,4,0,,2025-10-28T12:45:27+01:00,,366590,Illumina,Ready,B8_SetB_Pl2,"Mus musculus",RNA-Seq,Cx,"single cell",M11-Emx1creER,,,,,"Florian Pauler",Hippenmeyer,none,"none Illumina",,100-700,200-1000,1,0,Standard,"IDT-ILMN Nextera DNA UD Indexes v3",7154,5154,,GTTCGGAGTT,CGCCTTCTGA,,2025-10-21T00:00:00+02:00,2025-10-22T00:00:00+02:00,2025-10-22T13:35:22+02:00
19701,"Florian Pauler",Hippenmeyer,Completed,Illumina,0,"NovaSeqX 10B XP flowcell PairedEnd 150 - single lane",1,,,-,"~40 yl of 11nM, library. Smart-Seq v3. PhiX requested to be 15%",287,2025-10-20T00:00:00+02:00,2025-10-21T00:00:00+02:00,2025-10-28T00:00:00+01:00,7,2025-10-28T12:45:42+01:00,3575,"Organoid PatchSeq",,131,12,2025-10-18T12:25:42+02:00,,Created,,1,2025-10-20T00:00:00+02:00,2025-10-20T13:54:55+02:00,"Florian Pauler",Hippenmeyer,27829,19701,1,Completed,1,15,0,qpcr,21714,287,no_spikeins,1,,None,Standard,,7,4,2025-10-28T12:45:42+01:00,,,,R19701_1,534134,Completed,19701,366589,1,1,0,7,4,0,,2025-10-28T12:45:27+01:00,,366589,Illumina,Ready,A8_SetB_Pl2,"Mus musculus",RNA-Seq,Cx,"single cell",M11-Emx1creER,,,,,"Florian Pauler",Hippenmeyer,none,"none Illumina",,100-700,200-1000,1,0,Standard,"IDT-ILMN Nextera DNA UD Indexes v3",7153,5153,,CCACGCTGAA,TATTCCTCAG,,2025-10-21T00:00:00+02:00,2025-10-22T00:00:00+02:00,2025-10-22T13:35:23+02:00
19701,"Florian Pauler",Hippenmeyer,Completed,Illumina,0,"NovaSeqX 10B XP flowcell PairedEnd 150 - single lane",1,,,-,"~40 yl of 11nM, library. Smart-Seq v3. PhiX requested to be 15%",287,2025-10-20T00:00:00+02:00,2025-10-21T00:00:00+02:00,2025-10-28T00:00:00+01:00,7,2025-10-28T12:45:42+01:00,3575,"Organoid PatchSeq",,131,12,2025-10-18T12:25:42+02:00,,Created,,1,2025-10-20T00:00:00+02:00,2025-10-20T13:54:55+02:00,"Florian Pauler",Hippenmeyer,27829,19701,1,Completed,1,15,0,qpcr,21714,287,no_spikeins,1,,None,Standard,,7,4,2025-10-28T12:45:42+01:00,,,,R19701_1,534135,Completed,19701,366588,1,1,0,7,4,0,,2025-10-28T12:45:27+01:00,,366588,Illumina,Ready,H7_SetB_Pl2,"Mus musculus",RNA-Seq,Cx,"single cell",M11-Emx1creER,,,,,"Florian Pauler",Hippenmeyer,none,"none Illumina",,100-700,200-1000,1,0,Standard,"IDT-ILMN Nextera DNA UD Indexes v3",7152,5152,,CACAGCGGTC,ATTCCTATTG,,2025-10-21T00:00:00+02:00,2025-10-22T00:00:00+02:00,2025-10-22T13:35:23+02:00
19701,"Florian Pauler",Hippenmeyer,Completed,Illumina,0,"NovaSeqX 10B XP flowcell PairedEnd 150 - single lane",1,,,-,"~40 yl of 11nM, library. Smart-Seq v3. PhiX requested to be 15%",287,2025-10-20T00:00:00+02:00,2025-10-21T00:00:00+02:00,2025-10-28T00:00:00+01:00,7,2025-10-28T12:45:42+01:00,3575,"Organoid PatchSeq",,131,12,2025-10-18T12:25:42+02:00,,Created,,1,2025-10-20T00:00:00+02:00,2025-10-20T13:54:55+02:00,"Florian Pauler",Hippenmeyer,27829,19701,1,Completed,1,15,0,qpcr,21714,287,no_spikeins,1,,None,Standard,,7,4,2025-10-28T12:45:42+01:00,,,,R19701_1,534136,Completed,19701,366587,1,1,0,7,4,0,,2025-10-28T12:45:27+01:00,,366587,Illumina,Ready,G7_SetB_Pl2,"Mus musculus",RNA-Seq,Cx,"single cell",M11-Emx1creER,,,,,"Florian Pauler",Hippenmeyer,none,"none Illumina",,100-700,200-1000,1,0,Standard,"IDT-ILMN Nextera DNA UD Indexes v3",7151,5151,,TTGTATCAGG,ACAGAGGCCA,,2025-10-21T00:00:00+02:00,2025-10-22T00:00:00+02:00,2025-10-22T13:35:23+02:00
19701,"Florian Pauler",Hippenmeyer,Completed,Illumina,0,"NovaSeqX 10B XP flowcell PairedEnd 150 - single lane",1,,,-,"~40 yl of 11nM, library. Smart-Seq v3. PhiX requested to be 15%",287,2025-10-20T00:00:00+02:00,2025-10-21T00:00:00+02:00,2025-10-28T00:00:00+01:00,7,2025-10-28T12:45:42+01:00,3575,"Organoid PatchSeq",,131,12,2025-10-18T12:25:42+02:00,,Created,,1,2025-10-20T00:00:00+02:00,2025-10-20T13:54:55+02:00,"Florian Pauler",Hippenmeyer,27829,19701,1,Completed,1,15,0,qpcr,21714,287,no_spikeins,1,,None,Standard,,7,4,2025-10-28T12:45:42+01:00,,,,R19701_1,534137,Completed,19701,366586,1,1,0,7,4,0,,2025-10-28T12:45:27+01:00,,366586,Illumina,Ready,F7_SetB_Pl2,"Mus musculus",RNA-Seq,Cx,"single cell",M11-Emx1creER,,,,,"Florian Pauler",Hippenmeyer,none,"none Illumina",,100-700,200-1000,1,0,Standard,"IDT-ILMN Nextera DNA UD Indexes v3",7150,5150,,TAGAGAATAC,TATAGATTCG,,2025-10-21T00:00:00+02:00,2025-10-22T00:00:00+02:00,2025-10-22T13:35:23+02:00
19701,"Florian Pauler",Hippenmeyer,Completed,Illumina,0,"NovaSeqX 10B XP flowcell PairedEnd 150 - single lane",1,,,-,"~40 yl of 11nM, library. Smart-Seq v3. PhiX requested to be 15%",287,2025-10-20T00:00:00+02:00,2025-10-21T00:00:00+02:00,2025-10-28T00:00:00+01:00,7,2025-10-28T12:45:42+01:00,3575,"Organoid PatchSeq",,131,12,2025-10-18T12:25:42+02:00,,Created,,1,2025-10-20T00:00:00+02:00,2025-10-20T13:54:55+02:00,"Florian Pauler",Hippenmeyer,27829,19701,1,Completed,1,15,0,qpcr,21714,287,no_spikeins,1,,None,Standard,,7,4,2025-10-28T12:45:42+01:00,,,,R19701_1,534138,Completed,19701,366585,1,1,0,7,4,0,,2025-10-28T12:45:27+01:00,,366585,Illumina,Ready,E7_SetB_Pl2,"Mus musculus",RNA-Seq,Cx,"single cell",M11-Emx1creER,,,,,"Florian Pauler",Hippenmeyer,none,"none Illumina",,100-700,200-1000,1,0,Standard,"IDT-ILMN Nextera DNA UD Indexes v3",7149,5149,,GATTCTGAAT,AGCGGTGGAC,,2025-10-21T00:00:00+02:00,2025-10-22T00:00:00+02:00,2025-10-22T13:35:23+02:00
19701,"Florian Pauler",Hippenmeyer,Completed,Illumina,0,"NovaSeqX 10B XP flowcell PairedEnd 150 - single lane",1,,,-,"~40 yl of 11nM, library. Smart-Seq v3. PhiX requested to be 15%",287,2025-10-20T00:00:00+02:00,2025-10-21T00:00:00+02:00,2025-10-28T00:00:00+01:00,7,2025-10-28T12:45:42+01:00,3575,"Organoid PatchSeq",,131,12,2025-10-18T12:25:42+02:00,,Created,,1,2025-10-20T00:00:00+02:00,2025-10-20T13:54:55+02:00,"Florian Pauler",Hippenmeyer,27829,19701,1,Completed,1,15,0,qpcr,21714,287,no_spikeins,1,,None,Standard,,7,4,2025-10-28T12:45:42+01:00,,,,R19701_1,534139,Completed,19701,366584,1,1,0,7,4,0,,2025-10-28T12:45:28+01:00,,366584,Illumina,Ready,D7_SetB_Pl2,"Mus musculus",RNA-Seq,Cx,"single cell",M11-Emx1creER,,,,,"Florian Pauler",Hippenmeyer,none,"none Illumina",,100-700,200-1000,1,0,Standard,"IDT-ILMN Nextera DNA UD Indexes v3",7148,5148,,AAGTGTTAGG,GCTAGTTCCG,,2025-10-21T00:00:00+02:00,2025-10-22T00:00:00+02:00,2025-10-22T13:35:23+02:00
19701,"Florian Pauler",Hippenmeyer,Completed,Illumina,0,"NovaSeqX 10B XP flowcell PairedEnd 150 - single lane",1,,,-,"~40 yl of 11nM, library. Smart-Seq v3. PhiX requested to be 15%",287,2025-10-20T00:00:00+02:00,2025-10-21T00:00:00+02:00,2025-10-28T00:00:00+01:00,7,2025-10-28T12:45:42+01:00,3575,"Organoid PatchSeq",,131,12,2025-10-18T12:25:42+02:00,,Created,,1,2025-10-20T00:00:00+02:00,2025-10-20T13:54:55+02:00,"Florian Pauler",Hippenmeyer,27829,19701,1,Completed,1,15,0,qpcr,21714,287,no_spikeins,1,,None,Standard,,7,4,2025-10-28T12:45:42+01:00,,,,R19701_1,534142,Completed,19701,366581,1,1,0,7,4,0,,2025-10-28T12:45:28+01:00,,366581,Illumina,Ready,A7_SetB_Pl2,"Mus musculus",RNA-Seq,Cx,"single cell",M11-Emx1creER,,,,,"Florian Pauler",Hippenmeyer,none,"none Illumina",,100-700,200-1000,1,0,Standard,"IDT-ILMN Nextera DNA UD Indexes v3",7145,5145,,GTGCTAGGTT,TGAATATTGC,,2025-10-21T00:00:00+02:00,2025-10-22T00:00:00+02:00,2025-10-22T13:35:24+02:00
19701,"Florian Pauler",Hippenmeyer,Completed,Illumina,0,"NovaSeqX 10B XP flowcell PairedEnd 150 - single lane",1,,,-,"~40 yl of 11nM, library. Smart-Seq v3. PhiX requested to be 15%",287,2025-10-20T00:00:00+02:00,2025-10-21T00:00:00+02:00,2025-10-28T00:00:00+01:00,7,2025-10-28T12:45:42+01:00,3575,"Organoid PatchSeq",,131,12,2025-10-18T12:25:42+02:00,,Created,,1,2025-10-20T00:00:00+02:00,2025-10-20T13:54:55+02:00,"Florian Pauler",Hippenmeyer,27829,19701,1,Completed,1,15,0,qpcr,21714,287,no_spikeins,1,,None,Standard,,7,4,2025-10-28T12:45:42+01:00,,,,R19701_1,534143,Completed,19701,366580,1,1,0,7,4,0,,2025-10-28T12:45:28+01:00,,366580,Illumina,Ready,H6_SetB_Pl2,"Mus musculus",RNA-Seq,Cx,"single cell",M11-Emx1creER,,,,,"Florian Pauler",Hippenmeyer,none,"none Illumina",,100-700,200-1000,1,0,Standard,"IDT-ILMN Nextera DNA UD Indexes v3",7144,5144,,AATCCAATTG,CATGTAGAGG,,2025-10-21T00:00:00+02:00,2025-10-22T00:00:00+02:00,2025-10-22T13:35:24+02:00
19701,"Florian Pauler",Hippenmeyer,Completed,Illumina,0,"NovaSeqX 10B XP flowcell PairedEnd 150 - single lane",1,,,-,"~40 yl of 11nM, library. Smart-Seq v3. PhiX requested to be 15%",287,2025-10-20T00:00:00+02:00,2025-10-21T00:00:00+02:00,2025-10-28T00:00:00+01:00,7,2025-10-28T12:45:42+01:00,3575,"Organoid PatchSeq",,131,12,2025-10-18T12:25:42+02:00,,Created,,1,2025-10-20T00:00:00+02:00,2025-10-20T13:54:55+02:00,"Florian Pauler",Hippenmeyer,27829,19701,1,Completed,1,15,0,qpcr,21714,287,no_spikeins,1,,None,Standard,,7,4,2025-10-28T12:45:42+01:00,,,,R19701_1,534144,Completed,19701,366579,1,1,0,7,4,0,,2025-10-28T12:45:28+01:00,,366579,Illumina,Ready,G6_SetB_Pl2,"Mus musculus",RNA-Seq,Cx,"single cell",M11-Emx1creER,,,,,"Florian Pauler",Hippenmeyer,none,"none Illumina",,100-700,200-1000,1,0,Standard,"IDT-ILMN Nextera DNA UD Indexes v3",7143,5143,,GTTGGATGAA,TTCCAGGTAA,,2025-10-21T00:00:00+02:00,2025-10-22T00:00:00+02:00,2025-10-22T13:35:24+02:00
19701,"Florian Pauler",Hippenmeyer,Completed,Illumina,0,"NovaSeqX 10B XP flowcell PairedEnd 150 - single lane",1,,,-,"~40 yl of 11nM, library. Smart-Seq v3. PhiX requested to be 15%",287,2025-10-20T00:00:00+02:00,2025-10-21T00:00:00+02:00,2025-10-28T00:00:00+01:00,7,2025-10-28T12:45:42+01:00,3575,"Organoid PatchSeq",,131,12,2025-10-18T12:25:42+02:00,,Created,,1,2025-10-20T00:00:00+02:00,2025-10-20T13:54:55+02:00,"Florian Pauler",Hippenmeyer,27829,19701,1,Completed,1,15,0,qpcr,21714,287,no_spikeins,1,,None,Standard,,7,4,2025-10-28T12:45:42+01:00,,,,R19701_1,534145,Completed,19701,366578,1,1,0,7,4,0,,2025-10-28T12:45:28+01:00,,366578,Illumina,Ready,F6_SetB_Pl2,"Mus musculus",RNA-Seq,Cx,"single cell",M11-Emx1creER,,,,,"Florian Pauler",Hippenmeyer,none,"none Illumina",,100-700,200-1000,1,0,Standard,"IDT-ILMN Nextera DNA UD Indexes v3",7142,5142,,ACAACTACTG,AGTTATCACA,,2025-10-21T00:00:00+02:00,2025-10-22T00:00:00+02:00,2025-10-22T13:35:24+02:00
19701,"Florian Pauler",Hippenmeyer,Completed,Illumina,0,"NovaSeqX 10B XP flowcell PairedEnd 150 - single lane",1,,,-,"~40 yl of 11nM, library. Smart-Seq v3. PhiX requested to be 15%",287,2025-10-20T00:00:00+02:00,2025-10-21T00:00:00+02:00,2025-10-28T00:00:00+01:00,7,2025-10-28T12:45:42+01:00,3575,"Organoid PatchSeq",,131,12,2025-10-18T12:25:42+02:00,,Created,,1,2025-10-20T00:00:00+02:00,2025-10-20T13:54:55+02:00,"Florian Pauler",Hippenmeyer,27829,19701,1,Completed,1,15,0,qpcr,21714,287,no_spikeins,1,,None,Standard,,7,4,2025-10-28T12:45:42+01:00,,,,R19701_1,534146,Completed,19701,366577,1,1,0,7,4,0,,2025-10-28T12:45:28+01:00,,366577,Illumina,Ready,E6_SetB_Pl2,"Mus musculus",RNA-Seq,Cx,"single cell",M11-Emx1creER,,,,,"Florian Pauler",Hippenmeyer,none,"none Illumina",,100-700,200-1000,1,0,Standard,"IDT-ILMN Nextera DNA UD Indexes v3",7141,5141,,CTTATTGGCC,GATAACAAGT,,2025-10-21T00:00:00+02:00,2025-10-22T00:00:00+02:00,2025-10-22T13:35:25+02:00
19701,"Florian Pauler",Hippenmeyer,Completed,Illumina,0,"NovaSeqX 10B XP flowcell PairedEnd 150 - single lane",1,,,-,"~40 yl of 11nM, library. Smart-Seq v3. PhiX requested to be 15%",287,2025-10-20T00:00:00+02:00,2025-10-21T00:00:00+02:00,2025-10-28T00:00:00+01:00,7,2025-10-28T12:45:42+01:00,3575,"Organoid PatchSeq",,131,12,2025-10-18T12:25:42+02:00,,Created,,1,2025-10-20T00:00:00+02:00,2025-10-20T13:54:55+02:00,"Florian Pauler",Hippenmeyer,27829,19701,1,Completed,1,15,0,qpcr,21714,287,no_spikeins,1,,None,Standard,,7,4,2025-10-28T12:45:42+01:00,,,,R19701_1,534147,Completed,19701,366576,1,1,0,7,4,0,,2025-10-28T12:45:28+01:00,,366576,Illumina,Ready,D6_SetB_Pl2,"Mus musculus",RNA-Seq,Cx,"single cell",M11-Emx1creER,,,,,"Florian Pauler",Hippenmeyer,none,"none Illumina",,100-700,200-1000,1,0,Standard,"IDT-ILMN Nextera DNA UD Indexes v3",7140,5140,,TACGTGAAGG,CGGTTATTAG,,2025-10-21T00:00:00+02:00,2025-10-22T00:00:00+02:00,2025-10-22T13:35:25+02:00
19701,"Florian Pauler",Hippenmeyer,Completed,Illumina,0,"NovaSeqX 10B XP flowcell PairedEnd 150 - single lane",1,,,-,"~40 yl of 11nM, library. Smart-Seq v3. PhiX requested to be 15%",287,2025-10-20T00:00:00+02:00,2025-10-21T00:00:00+02:00,2025-10-28T00:00:00+01:00,7,2025-10-28T12:45:42+01:00,3575,"Organoid PatchSeq",,131,12,2025-10-18T12:25:42+02:00,,Created,,1,2025-10-20T00:00:00+02:00,2025-10-20T13:54:55+02:00,"Florian Pauler",Hippenmeyer,27829,19701,1,Completed,1,15,0,qpcr,21714,287,no_spikeins,1,,None,Standard,,7,4,2025-10-28T12:45:42+01:00,,,,R19701_1,534148,Completed,19701,366575,1,1,0,7,4,0,,2025-10-28T12:45:28+01:00,,366575,Illumina,Ready,C6_SetB_Pl2,"Mus musculus",RNA-Seq,Cx,"single cell",M11-Emx1creER,,,,,"Florian Pauler",Hippenmeyer,none,"none Illumina",,100-700,200-1000,1,0,Standard,"IDT-ILMN Nextera DNA UD Indexes v3",7139,5139,,GAATACCTAT,ACAATAGAGT,,2025-10-21T00:00:00+02:00,2025-10-22T00:00:00+02:00,2025-10-22T13:35:25+02:00
19701,"Florian Pauler",Hippenmeyer,Completed,Illumina,0,"NovaSeqX 10B XP flowcell PairedEnd 150 - single lane",1,,,-,"~40 yl of 11nM, library. Smart-Seq v3. PhiX requested to be 15%",287,2025-10-20T00:00:00+02:00,2025-10-21T00:00:00+02:00,2025-10-28T00:00:00+01:00,7,2025-10-28T12:45:42+01:00,3575,"Organoid PatchSeq",,131,12,2025-10-18T12:25:42+02:00,,Created,,1,2025-10-20T00:00:00+02:00,2025-10-20T13:54:55+02:00,"Florian Pauler",Hippenmeyer,27829,19701,1,Completed,1,15,0,qpcr,21714,287,no_spikeins,1,,None,Standard,,7,4,2025-10-28T12:45:42+01:00,,,,R19701_1,534149,Completed,19701,366574,1,1,0,7,4,0,,2025-10-28T12:45:29+01:00,,366574,Illumina,Ready,B6_SetB_Pl2,"Mus musculus",RNA-Seq,Cx,"single cell",M11-Emx1creER,,,,,"Florian Pauler",Hippenmeyer,none,"none Illumina",,100-700,200-1000,1,0,Standard,"IDT-ILMN Nextera DNA UD Indexes v3",7138,5138,,GGCCAATATT,CGGTCCGATA,,2025-10-21T00:00:00+02:00,2025-10-22T00:00:00+02:00,2025-10-22T13:35:25+02:00
19701,"Florian Pauler",Hippenmeyer,Completed,Illumina,0,"NovaSeqX 10B XP flowcell PairedEnd 150 - single lane",1,,,-,"~40 yl of 11nM, library. Smart-Seq v3. PhiX requested to be 15%",287,2025-10-20T00:00:00+02:00,2025-10-21T00:00:00+02:00,2025-10-28T00:00:00+01:00,7,2025-10-28T12:45:42+01:00,3575,"Organoid PatchSeq",,131,12,2025-10-18T12:25:42+02:00,,Created,,1,2025-10-20T00:00:00+02:00,2025-10-20T13:54:55+02:00,"Florian Pauler",Hippenmeyer,27829,19701,1,Completed,1,15,0,qpcr,21714,287,no_spikeins,1,,None,Standard,,7,4,2025-10-28T12:45:42+01:00,,,,R19701_1,534150,Completed,19701,366573,1,1,0,7,4,0,,2025-10-28T12:45:29+01:00,,366573,Illumina,Ready,A6_SetB_Pl2,"Mus musculus",RNA-Seq,Cx,"single cell",M11-Emx1creER,,,,,"Florian Pauler",Hippenmeyer,none,"none Illumina",,100-700,200-1000,1,0,Standard,"IDT-ILMN Nextera DNA UD Indexes v3",7137,5137,,CCGGTTCCTA,TATATTCGAG,,2025-10-21T00:00:00+02:00,2025-10-22T00:00:00+02:00,2025-10-22T13:35:25+02:00
19701,"Florian Pauler",Hippenmeyer,Completed,Illumina,0,"NovaSeqX 10B XP flowcell PairedEnd 150 - single lane",1,,,-,"~40 yl of 11nM, library. Smart-Seq v3. PhiX requested to be 15%",287,2025-10-20T00:00:00+02:00,2025-10-21T00:00:00+02:00,2025-10-28T00:00:00+01:00,7,2025-10-28T12:45:42+01:00,3575,"Organoid PatchSeq",,131,12,2025-10-18T12:25:42+02:00,,Created,,1,2025-10-20T00:00:00+02:00,2025-10-20T13:54:55+02:00,"Florian Pauler",Hippenmeyer,27829,19701,1,Completed,1,15,0,qpcr,21714,287,no_spikeins,1,,None,Standard,,7,4,2025-10-28T12:45:42+01:00,,,,R19701_1,534151,Completed,19701,366572,1,1,0,7,4,0,,2025-10-28T12:45:29+01:00,,366572,Illumina,Ready,H5_SetB_Pl2,"Mus musculus",RNA-Seq,Cx,"single cell",M11-Emx1creER,,,,,"Florian Pauler",Hippenmeyer,none,"none Illumina",,100-700,200-1000,1,0,Standard,"IDT-ILMN Nextera DNA UD Indexes v3",7136,5136,,CCAGGCACCA,ACGCTAATTA,,2025-10-21T00:00:00+02:00,2025-10-22T00:00:00+02:00,2025-10-22T13:35:26+02:00
19701,"Florian Pauler",Hippenmeyer,Completed,Illumina,0,"NovaSeqX 10B XP flowcell PairedEnd 150 - single lane",1,,,-,"~40 yl of 11nM, library. Smart-Seq v3. PhiX requested to be 15%",287,2025-10-20T00:00:00+02:00,2025-10-21T00:00:00+02:00,2025-10-28T00:00:00+01:00,7,2025-10-28T12:45:42+01:00,3575,"Organoid PatchSeq",,131,12,2025-10-18T12:25:42+02:00,,Created,,1,2025-10-20T00:00:00+02:00,2025-10-20T13:54:55+02:00,"Florian Pauler",Hippenmeyer,27829,19701,1,Completed,1,15,0,qpcr,21714,287,no_spikeins,1,,None,Standard,,7,4,2025-10-28T12:45:42+01:00,,,,R19701_1,534152,Completed,19701,366571,1,1,0,7,4,0,,2025-10-28T12:45:29+01:00,,366571,Illumina,Ready,G5_SetB_Pl2,"Mus musculus",RNA-Seq,Cx,"single cell",M11-Emx1creER,,,,,"Florian Pauler",Hippenmeyer,none,"none Illumina",,100-700,200-1000,1,0,Standard,"IDT-ILMN Nextera DNA UD Indexes v3",7135,5135,,TGGCCTCTGT,TGAGACAGCG,,2025-10-21T00:00:00+02:00,2025-10-22T00:00:00+02:00,2025-10-22T13:35:26+02:00
19701,"Florian Pauler",Hippenmeyer,Completed,Illumina,0,"NovaSeqX 10B XP flowcell PairedEnd 150 - single lane",1,,,-,"~40 yl of 11nM, library. Smart-Seq v3. PhiX requested to be 15%",287,2025-10-20T00:00:00+02:00,2025-10-21T00:00:00+02:00,2025-10-28T00:00:00+01:00,7,2025-10-28T12:45:42+01:00,3575,"Organoid PatchSeq",,131,12,2025-10-18T12:25:42+02:00,,Created,,1,2025-10-20T00:00:00+02:00,2025-10-20T13:54:55+02:00,"Florian Pauler",Hippenmeyer,27829,19701,1,Completed,1,15,0,qpcr,21714,287,no_spikeins,1,,None,Standard,,7,4,2025-10-28T12:45:42+01:00,,,,R19701_1,534153,Completed,19701,366570,1,1,0,7,4,0,,2025-10-28T12:45:29+01:00,,366570,Illumina,Ready,F5_SetB_Pl2,"Mus musculus",RNA-Seq,Cx,"single cell",M11-Emx1creER,,,,,"Florian Pauler",Hippenmeyer,none,"none Illumina",,100-700,200-1000,1,0,Standard,"IDT-ILMN Nextera DNA UD Indexes v3",7134,5134,,TGGTGTTATG,TCCAATTCTA,,2025-10-21T00:00:00+02:00,2025-10-22T00:00:00+02:00,2025-10-22T13:35:26+02:00
19701,"Florian Pauler",Hippenmeyer,Completed,Illumina,0,"NovaSeqX 10B XP flowcell PairedEnd 150 - single lane",1,,,-,"~40 yl of 11nM, library. Smart-Seq v3. PhiX requested to be 15%",287,2025-10-20T00:00:00+02:00,2025-10-21T00:00:00+02:00,2025-10-28T00:00:00+01:00,7,2025-10-28T12:45:42+01:00,3575,"Organoid PatchSeq",,131,12,2025-10-18T12:25:42+02:00,,Created,,1,2025-10-20T00:00:00+02:00,2025-10-20T13:54:55+02:00,"Florian Pauler",Hippenmeyer,27829,19701,1,Completed,1,15,0,qpcr,21714,287,no_spikeins,1,,None,Standard,,7,4,2025-10-28T12:45:42+01:00,,,,R19701_1,534154,Completed,19701,366569,1,1,0,7,4,0,,2025-10-28T12:45:29+01:00,,366569,Illumina,Ready,E5_SetB_Pl2,"Mus musculus",RNA-Seq,Cx,"single cell",M11-Emx1creER,,,,,"Florian Pauler",Hippenmeyer,none,"none Illumina",,100-700,200-1000,1,0,Standard,"IDT-ILMN Nextera DNA UD Indexes v3",7133,5133,,AACGAGGCCG,ATACCTGGAT,,2025-10-21T00:00:00+02:00,2025-10-22T00:00:00+02:00,2025-10-22T13:35:26+02:00
19701,"Florian Pauler",Hippenmeyer,Completed,Illumina,0,"NovaSeqX 10B XP flowcell PairedEnd 150 - single lane",1,,,-,"~40 yl of 11nM, library. Smart-Seq v3. PhiX requested to be 15%",287,2025-10-20T00:00:00+02:00,2025-10-21T00:00:00+02:00,2025-10-28T00:00:00+01:00,7,2025-10-28T12:45:42+01:00,3575,"Organoid PatchSeq",,131,12,2025-10-18T12:25:42+02:00,,Created,,1,2025-10-20T00:00:00+02:00,2025-10-20T13:54:55+02:00,"Florian Pauler",Hippenmeyer,27829,19701,1,Completed,1,15,0,qpcr,21714,287,no_spikeins,1,,None,Standard,,7,4,2025-10-28T12:45:42+01:00,,,,R19701_1,534155,Completed,19701,366568,1,1,0,7,4,0,,2025-10-28T12:45:29+01:00,,366568,Illumina,Ready,D5_SetB_Pl2,"Mus musculus",RNA-Seq,Cx,"single cell",M11-Emx1creER,,,,,"Florian Pauler",Hippenmeyer,none,"none Illumina",,100-700,200-1000,1,0,Standard,"IDT-ILMN Nextera DNA UD Indexes v3",7132,5132,,ATGTAACGTT,ACGATTGCTG,,2025-10-21T00:00:00+02:00,2025-10-22T00:00:00+02:00,2025-10-22T13:35:26+02:00
19701,"Florian Pauler",Hippenmeyer,Completed,Illumina,0,"NovaSeqX 10B XP flowcell PairedEnd 150 - single lane",1,,,-,"~40 yl of 11nM, library. Smart-Seq v3. PhiX requested to be 15%",287,2025-10-20T00:00:00+02:00,2025-10-21T00:00:00+02:00,2025-10-28T00:00:00+01:00,7,2025-10-28T12:45:42+01:00,3575,"Organoid PatchSeq",,131,12,2025-10-18T12:25:42+02:00,,Created,,1,2025-10-20T00:00:00+02:00,2025-10-20T13:54:55+02:00,"Florian Pauler",Hippenmeyer,27829,19701,1,Completed,1,15,0,qpcr,21714,287,no_spikeins,1,,None,Standard,,7,4,2025-10-28T12:45:42+01:00,,,,R19701_1,534157,Completed,19701,366566,1,1,0,7,4,0,,2025-10-28T12:45:29+01:00,,366566,Illumina,Ready,B5_SetB_Pl2,"Mus musculus",RNA-Seq,Cx,"single cell",M11-Emx1creER,,,,,"Florian Pauler",Hippenmeyer,none,"none Illumina",,100-700,200-1000,1,0,Standard,"IDT-ILMN Nextera DNA UD Indexes v3",7130,5130,,ATAGCCAAGA,AGTGCCACTG,,2025-10-21T00:00:00+02:00,2025-10-22T00:00:00+02:00,2025-10-22T13:35:27+02:00
19701,"Florian Pauler",Hippenmeyer,Completed,Illumina,0,"NovaSeqX 10B XP flowcell PairedEnd 150 - single lane",1,,,-,"~40 yl of 11nM, library. Smart-Seq v3. PhiX requested to be 15%",287,2025-10-20T00:00:00+02:00,2025-10-21T00:00:00+02:00,2025-10-28T00:00:00+01:00,7,2025-10-28T12:45:42+01:00,3575,"Organoid PatchSeq",,131,12,2025-10-18T12:25:42+02:00,,Created,,1,2025-10-20T00:00:00+02:00,2025-10-20T13:54:55+02:00,"Florian Pauler",Hippenmeyer,27829,19701,1,Completed,1,15,0,qpcr,21714,287,no_spikeins,1,,None,Standard,,7,4,2025-10-28T12:45:42+01:00,,,,R19701_1,534158,Completed,19701,366565,1,1,0,7,4,0,,2025-10-28T12:45:29+01:00,,366565,Illumina,Ready,A5_SetB_Pl2,"Mus musculus",RNA-Seq,Cx,"single cell",M11-Emx1creER,,,,,"Florian Pauler",Hippenmeyer,none,"none Illumina",,100-700,200-1000,1,0,Standard,"IDT-ILMN Nextera DNA UD Indexes v3",7129,5129,,TCTAGGCGCG,CGAAGGTTAA,,2025-10-21T00:00:00+02:00,2025-10-22T00:00:00+02:00,2025-10-22T13:35:27+02:00
19701,"Florian Pauler",Hippenmeyer,Completed,Illumina,0,"NovaSeqX 10B XP flowcell PairedEnd 150 - single lane",1,,,-,"~40 yl of 11nM, library. Smart-Seq v3. PhiX requested to be 15%",287,2025-10-20T00:00:00+02:00,2025-10-21T00:00:00+02:00,2025-10-28T00:00:00+01:00,7,2025-10-28T12:45:42+01:00,3575,"Organoid PatchSeq",,131,12,2025-10-18T12:25:42+02:00,,Created,,1,2025-10-20T00:00:00+02:00,2025-10-20T13:54:55+02:00,"Florian Pauler",Hippenmeyer,27829,19701,1,Completed,1,15,0,qpcr,21714,287,no_spikeins,1,,None,Standard,,7,4,2025-10-28T12:45:42+01:00,,,,R19701_1,534159,Completed,19701,366564,1,1,0,7,4,0,,2025-10-28T12:45:30+01:00,,366564,Illumina,Ready,H4_SetB_Pl2,"Mus musculus",RNA-Seq,Cx,"single cell",M11-Emx1creER,,,,,"Florian Pauler",Hippenmeyer,none,"none Illumina",,100-700,200-1000,1,0,Standard,"IDT-ILMN Nextera DNA UD Indexes v3",7128,5128,,CTAATAACCG,AACCGCATCG,,2025-10-21T00:00:00+02:00,2025-10-22T00:00:00+02:00,2025-10-22T13:35:27+02:00
19701,"Florian Pauler",Hippenmeyer,Completed,Illumina,0,"NovaSeqX 10B XP flowcell PairedEnd 150 - single lane",1,,,-,"~40 yl of 11nM, library. Smart-Seq v3. PhiX requested to be 15%",287,2025-10-20T00:00:00+02:00,2025-10-21T00:00:00+02:00,2025-10-28T00:00:00+01:00,7,2025-10-28T12:45:42+01:00,3575,"Organoid PatchSeq",,131,12,2025-10-18T12:25:42+02:00,,Created,,1,2025-10-20T00:00:00+02:00,2025-10-20T13:54:55+02:00,"Florian Pauler",Hippenmeyer,27829,19701,1,Completed,1,15,0,qpcr,21714,287,no_spikeins,1,,None,Standard,,7,4,2025-10-28T12:45:42+01:00,,,,R19701_1,534160,Completed,19701,366563,1,1,0,7,4,0,,2025-10-28T12:45:30+01:00,,366563,Illumina,Ready,G4_SetB_Pl2,"Mus musculus",RNA-Seq,Cx,"single cell",M11-Emx1creER,,,,,"Florian Pauler",Hippenmeyer,none,"none Illumina",,100-700,200-1000,1,0,Standard,"IDT-ILMN Nextera DNA UD Indexes v3",7127,5127,,GCTGACGTTG,TGTTCGCATT,,2025-10-21T00:00:00+02:00,2025-10-22T00:00:00+02:00,2025-10-22T13:35:27+02:00
19701,"Florian Pauler",Hippenmeyer,Completed,Illumina,0,"NovaSeqX 10B XP flowcell PairedEnd 150 - single lane",1,,,-,"~40 yl of 11nM, library. Smart-Seq v3. PhiX requested to be 15%",287,2025-10-20T00:00:00+02:00,2025-10-21T00:00:00+02:00,2025-10-28T00:00:00+01:00,7,2025-10-28T12:45:42+01:00,3575,"Organoid PatchSeq",,131,12,2025-10-18T12:25:42+02:00,,Created,,1,2025-10-20T00:00:00+02:00,2025-10-20T13:54:55+02:00,"Florian Pauler",Hippenmeyer,27829,19701,1,Completed,1,15,0,qpcr,21714,287,no_spikeins,1,,None,Standard,,7,4,2025-10-28T12:45:42+01:00,,,,R19701_1,534161,Completed,19701,366562,1,1,0,7,4,0,,2025-10-28T12:45:30+01:00,,366562,Illumina,Ready,F4_SetB_Pl2,"Mus musculus",RNA-Seq,Cx,"single cell",M11-Emx1creER,,,,,"Florian Pauler",Hippenmeyer,none,"none Illumina",,100-700,200-1000,1,0,Standard,"IDT-ILMN Nextera DNA UD Indexes v3",7126,5126,,AGGAGGTATC,CCAGTTGGCA,,2025-10-21T00:00:00+02:00,2025-10-22T00:00:00+02:00,2025-10-22T13:35:27+02:00
19701,"Florian Pauler",Hippenmeyer,Completed,Illumina,0,"NovaSeqX 10B XP flowcell PairedEnd 150 - single lane",1,,,-,"~40 yl of 11nM, library. Smart-Seq v3. PhiX requested to be 15%",287,2025-10-20T00:00:00+02:00,2025-10-21T00:00:00+02:00,2025-10-28T00:00:00+01:00,7,2025-10-28T12:45:42+01:00,3575,"Organoid PatchSeq",,131,12,2025-10-18T12:25:42+02:00,,Created,,1,2025-10-20T00:00:00+02:00,2025-10-20T13:54:55+02:00,"Florian Pauler",Hippenmeyer,27829,19701,1,Completed,1,15,0,qpcr,21714,287,no_spikeins,1,,None,Standard,,7,4,2025-10-28T12:45:42+01:00,,,,R19701_1,534162,Completed,19701,366561,1,1,0,7,4,0,,2025-10-28T12:45:30+01:00,,366561,Illumina,Ready,E4_SetB_Pl2,"Mus musculus",RNA-Seq,Cx,"single cell",M11-Emx1creER,,,,,"Florian Pauler",Hippenmeyer,none,"none Illumina",,100-700,200-1000,1,0,Standard,"IDT-ILMN Nextera DNA UD Indexes v3",7125,5125,,AGGCCGTGGA,CTCGTGCGTT,,2025-10-21T00:00:00+02:00,2025-10-22T00:00:00+02:00,2025-10-22T13:35:28+02:00
19701,"Florian Pauler",Hippenmeyer,Completed,Illumina,0,"NovaSeqX 10B XP flowcell PairedEnd 150 - single lane",1,,,-,"~40 yl of 11nM, library. Smart-Seq v3. PhiX requested to be 15%",287,2025-10-20T00:00:00+02:00,2025-10-21T00:00:00+02:00,2025-10-28T00:00:00+01:00,7,2025-10-28T12:45:42+01:00,3575,"Organoid PatchSeq",,131,12,2025-10-18T12:25:42+02:00,,Created,,1,2025-10-20T00:00:00+02:00,2025-10-20T13:54:55+02:00,"Florian Pauler",Hippenmeyer,27829,19701,1,Completed,1,15,0,qpcr,21714,287,no_spikeins,1,,None,Standard,,7,4,2025-10-28T12:45:42+01:00,,,,R19701_1,534163,Completed,19701,366560,1,1,0,7,4,0,,2025-10-28T12:45:30+01:00,,366560,Illumina,Ready,D4_SetB_Pl2,"Mus musculus",RNA-Seq,Cx,"single cell",M11-Emx1creER,,,,,"Florian Pauler",Hippenmeyer,none,"none Illumina",,100-700,200-1000,1,0,Standard,"IDT-ILMN Nextera DNA UD Indexes v3",7124,5124,,CTGCGTTACC,TATGGCTCGA,,2025-10-21T00:00:00+02:00,2025-10-22T00:00:00+02:00,2025-10-22T13:35:28+02:00
19701,"Florian Pauler",Hippenmeyer,Completed,Illumina,0,"NovaSeqX 10B XP flowcell PairedEnd 150 - single lane",1,,,-,"~40 yl of 11nM, library. Smart-Seq v3. PhiX requested to be 15%",287,2025-10-20T00:00:00+02:00,2025-10-21T00:00:00+02:00,2025-10-28T00:00:00+01:00,7,2025-10-28T12:45:42+01:00,3575,"Organoid PatchSeq",,131,12,2025-10-18T12:25:42+02:00,,Created,,1,2025-10-20T00:00:00+02:00,2025-10-20T13:54:55+02:00,"Florian Pauler",Hippenmeyer,27829,19701,1,Completed,1,15,0,qpcr,21714,287,no_spikeins,1,,None,Standard,,7,4,2025-10-28T12:45:42+01:00,,,,R19701_1,534164,Completed,19701,366559,1,1,0,7,4,0,,2025-10-28T12:45:30+01:00,,366559,Illumina,Ready,C4_SetB_Pl2,"Mus musculus",RNA-Seq,Cx,"single cell",M11-Emx1creER,,,,,"Florian Pauler",Hippenmeyer,none,"none Illumina",,100-700,200-1000,1,0,Standard,"IDT-ILMN Nextera DNA UD Indexes v3",7123,5123,,CGTACAGGAA,TAGGTTCTCT,,2025-10-21T00:00:00+02:00,2025-10-22T00:00:00+02:00,2025-10-22T13:35:28+02:00
19701,"Florian Pauler",Hippenmeyer,Completed,Illumina,0,"NovaSeqX 10B XP flowcell PairedEnd 150 - single lane",1,,,-,"~40 yl of 11nM, library. Smart-Seq v3. PhiX requested to be 15%",287,2025-10-20T00:00:00+02:00,2025-10-21T00:00:00+02:00,2025-10-28T00:00:00+01:00,7,2025-10-28T12:45:42+01:00,3575,"Organoid PatchSeq",,131,12,2025-10-18T12:25:42+02:00,,Created,,1,2025-10-20T00:00:00+02:00,2025-10-20T13:54:55+02:00,"Florian Pauler",Hippenmeyer,27829,19701,1,Completed,1,15,0,qpcr,21714,287,no_spikeins,1,,None,Standard,,7,4,2025-10-28T12:45:42+01:00,,,,R19701_1,534165,Completed,19701,366558,1,1,0,7,4,0,,2025-10-28T12:45:30+01:00,,366558,Illumina,Ready,B4_SetB_Pl2,"Mus musculus",RNA-Seq,Cx,"single cell",M11-Emx1creER,,,,,"Florian Pauler",Hippenmeyer,none,"none Illumina",,100-700,200-1000,1,0,Standard,"IDT-ILMN Nextera DNA UD Indexes v3",7122,5122,,GATATTGTGT,ACCACACGGT,,2025-10-21T00:00:00+02:00,2025-10-22T00:00:00+02:00,2025-10-22T13:35:28+02:00
19701,"Florian Pauler",Hippenmeyer,Completed,Illumina,0,"NovaSeqX 10B XP flowcell PairedEnd 150 - single lane",1,,,-,"~40 yl of 11nM, library. Smart-Seq v3. PhiX requested to be 15%",287,2025-10-20T00:00:00+02:00,2025-10-21T00:00:00+02:00,2025-10-28T00:00:00+01:00,7,2025-10-28T12:45:42+01:00,3575,"Organoid PatchSeq",,131,12,2025-10-18T12:25:42+02:00,,Created,,1,2025-10-20T00:00:00+02:00,2025-10-20T13:54:55+02:00,"Florian Pauler",Hippenmeyer,27829,19701,1,Completed,1,15,0,qpcr,21714,287,no_spikeins,1,,None,Standard,,7,4,2025-10-28T12:45:42+01:00,,,,R19701_1,534166,Completed,19701,366557,1,1,0,7,4,0,,2025-10-28T12:45:30+01:00,,366557,Illumina,Ready,A4_SetB_Pl2,"Mus musculus",RNA-Seq,Cx,"single cell",M11-Emx1creER,,,,,"Florian Pauler",Hippenmeyer,none,"none Illumina",,100-700,200-1000,1,0,Standard,"IDT-ILMN Nextera DNA UD Indexes v3",7121,5121,,AGAGAACCTA,GGTTATGCTA,,2025-10-21T00:00:00+02:00,2025-10-22T00:00:00+02:00,2025-10-22T13:35:28+02:00
19701,"Florian Pauler",Hippenmeyer,Completed,Illumina,0,"NovaSeqX 10B XP flowcell PairedEnd 150 - single lane",1,,,-,"~40 yl of 11nM, library. Smart-Seq v3. PhiX requested to be 15%",287,2025-10-20T00:00:00+02:00,2025-10-21T00:00:00+02:00,2025-10-28T00:00:00+01:00,7,2025-10-28T12:45:42+01:00,3575,"Organoid PatchSeq",,131,12,2025-10-18T12:25:42+02:00,,Created,,1,2025-10-20T00:00:00+02:00,2025-10-20T13:54:55+02:00,"Florian Pauler",Hippenmeyer,27829,19701,1,Completed,1,15,0,qpcr,21714,287,no_spikeins,1,,None,Standard,,7,4,2025-10-28T12:45:42+01:00,,,,R19701_1,534167,Completed,19701,366556,1,1,0,7,4,0,,2025-10-28T12:45:30+01:00,,366556,Illumina,Ready,H3_SetB_Pl2,"Mus musculus",RNA-Seq,Cx,"single cell",M11-Emx1creER,,,,,"Florian Pauler",Hippenmeyer,none,"none Illumina",,100-700,200-1000,1,0,Standard,"IDT-ILMN Nextera DNA UD Indexes v3",7120,5120,,AGGACAGGCC,CATTCCAGCT,,2025-10-21T00:00:00+02:00,2025-10-22T00:00:00+02:00,2025-10-22T13:35:28+02:00
19701,"Florian Pauler",Hippenmeyer,Completed,Illumina,0,"NovaSeqX 10B XP flowcell PairedEnd 150 - single lane",1,,,-,"~40 yl of 11nM, library. Smart-Seq v3. PhiX requested to be 15%",287,2025-10-20T00:00:00+02:00,2025-10-21T00:00:00+02:00,2025-10-28T00:00:00+01:00,7,2025-10-28T12:45:42+01:00,3575,"Organoid PatchSeq",,131,12,2025-10-18T12:25:42+02:00,,Created,,1,2025-10-20T00:00:00+02:00,2025-10-20T13:54:55+02:00,"Florian Pauler",Hippenmeyer,27829,19701,1,Completed,1,15,0,qpcr,21714,287,no_spikeins,1,,None,Standard,,7,4,2025-10-28T12:45:42+01:00,,,,R19701_1,534168,Completed,19701,366555,1,1,0,7,4,0,,2025-10-28T12:45:30+01:00,,366555,Illumina,Ready,G3_SetB_Pl2,"Mus musculus",RNA-Seq,Cx,"single cell",M11-Emx1creER,,,,,"Florian Pauler",Hippenmeyer,none,"none Illumina",,100-700,200-1000,1,0,Standard,"IDT-ILMN Nextera DNA UD Indexes v3",7119,5119,,TCCGCCAATT,CTCCGTGCTG,,2025-10-21T00:00:00+02:00,2025-10-22T00:00:00+02:00,2025-10-22T13:35:29+02:00
19701,"Florian Pauler",Hippenmeyer,Completed,Illumina,0,"NovaSeqX 10B XP flowcell PairedEnd 150 - single lane",1,,,-,"~40 yl of 11nM, library. Smart-Seq v3. PhiX requested to be 15%",287,2025-10-20T00:00:00+02:00,2025-10-21T00:00:00+02:00,2025-10-28T00:00:00+01:00,7,2025-10-28T12:45:42+01:00,3575,"Organoid PatchSeq",,131,12,2025-10-18T12:25:42+02:00,,Created,,1,2025-10-20T00:00:00+02:00,2025-10-20T13:54:55+02:00,"Florian Pauler",Hippenmeyer,27829,19701,1,Completed,1,15,0,qpcr,21714,287,no_spikeins,1,,None,Standard,,7,4,2025-10-28T12:45:42+01:00,,,,R19701_1,534169,Completed,19701,366554,1,1,0,7,4,0,,2025-10-28T12:45:31+01:00,,366554,Illumina,Ready,F3_SetB_Pl2,"Mus musculus",RNA-Seq,Cx,"single cell",M11-Emx1creER,,,,,"Florian Pauler",Hippenmeyer,none,"none Illumina",,100-700,200-1000,1,0,Standard,"IDT-ILMN Nextera DNA UD Indexes v3",7118,5118,,ATACTTGTTC,TAACCGCCGA,,2025-10-21T00:00:00+02:00,2025-10-22T00:00:00+02:00,2025-10-22T13:35:29+02:00
19701,"Florian Pauler",Hippenmeyer,Completed,Illumina,0,"NovaSeqX 10B XP flowcell PairedEnd 150 - single lane",1,,,-,"~40 yl of 11nM, library. Smart-Seq v3. PhiX requested to be 15%",287,2025-10-20T00:00:00+02:00,2025-10-21T00:00:00+02:00,2025-10-28T00:00:00+01:00,7,2025-10-28T12:45:42+01:00,3575,"Organoid PatchSeq",,131,12,2025-10-18T12:25:42+02:00,,Created,,1,2025-10-20T00:00:00+02:00,2025-10-20T13:54:55+02:00,"Florian Pauler",Hippenmeyer,27829,19701,1,Completed,1,15,0,qpcr,21714,287,no_spikeins,1,,None,Standard,,7,4,2025-10-28T12:45:42+01:00,,,,R19701_1,534170,Completed,19701,366553,1,1,0,7,4,0,,2025-10-28T12:45:31+01:00,,366553,Illumina,Ready,E3_SetB_Pl2,"Mus musculus",RNA-Seq,Cx,"single cell",M11-Emx1creER,,,,,"Florian Pauler",Hippenmeyer,none,"none Illumina",,100-700,200-1000,1,0,Standard,"IDT-ILMN Nextera DNA UD Indexes v3",7117,5117,,CCGTGACCGA,CCGAACGTTG,,2025-10-21T00:00:00+02:00,2025-10-22T00:00:00+02:00,2025-10-22T13:35:29+02:00
19701,"Florian Pauler",Hippenmeyer,Completed,Illumina,0,"NovaSeqX 10B XP flowcell PairedEnd 150 - single lane",1,,,-,"~40 yl of 11nM, library. Smart-Seq v3. PhiX requested to be 15%",287,2025-10-20T00:00:00+02:00,2025-10-21T00:00:00+02:00,2025-10-28T00:00:00+01:00,7,2025-10-28T12:45:42+01:00,3575,"Organoid PatchSeq",,131,12,2025-10-18T12:25:42+02:00,,Created,,1,2025-10-20T00:00:00+02:00,2025-10-20T13:54:55+02:00,"Florian Pauler",Hippenmeyer,27829,19701,1,Completed,1,15,0,qpcr,21714,287,no_spikeins,1,,None,Standard,,7,4,2025-10-28T12:45:42+01:00,,,,R19701_1,534171,Completed,19701,366552,1,1,0,7,4,0,,2025-10-28T12:45:31+01:00,,366552,Illumina,Ready,D3_SetB_Pl2,"Mus musculus",RNA-Seq,Cx,"single cell",M11-Emx1creER,,,,,"Florian Pauler",Hippenmeyer,none,"none Illumina",,100-700,200-1000,1,0,Standard,"IDT-ILMN Nextera DNA UD Indexes v3",7116,5116,,ATCGGCGAAG,TCCAAGAATT,,2025-10-21T00:00:00+02:00,2025-10-22T00:00:00+02:00,2025-10-22T13:35:29+02:00
19701,"Florian Pauler",Hippenmeyer,Completed,Illumina,0,"NovaSeqX 10B XP flowcell PairedEnd 150 - single lane",1,,,-,"~40 yl of 11nM, library. Smart-Seq v3. PhiX requested to be 15%",287,2025-10-20T00:00:00+02:00,2025-10-21T00:00:00+02:00,2025-10-28T00:00:00+01:00,7,2025-10-28T12:45:42+01:00,3575,"Organoid PatchSeq",,131,12,2025-10-18T12:25:42+02:00,,Created,,1,2025-10-20T00:00:00+02:00,2025-10-20T13:54:55+02:00,"Florian Pauler",Hippenmeyer,27829,19701,1,Completed,1,15,0,qpcr,21714,287,no_spikeins,1,,None,Standard,,7,4,2025-10-28T12:45:42+01:00,,,,R19701_1,534172,Completed,19701,366551,1,1,0,7,4,0,,2025-10-28T12:45:31+01:00,,366551,Illumina,Ready,C3_SetB_Pl2,"Mus musculus",RNA-Seq,Cx,"single cell",M11-Emx1creER,,,,,"Florian Pauler",Hippenmeyer,none,"none Illumina",,100-700,200-1000,1,0,Standard,"IDT-ILMN Nextera DNA UD Indexes v3",7115,5115,,AGGCAGCTCT,CGGCTAACGT,,2025-10-21T00:00:00+02:00,2025-10-22T00:00:00+02:00,2025-10-22T13:35:29+02:00
19701,"Florian Pauler",Hippenmeyer,Completed,Illumina,0,"NovaSeqX 10B XP flowcell PairedEnd 150 - single lane",1,,,-,"~40 yl of 11nM, library. Smart-Seq v3. PhiX requested to be 15%",287,2025-10-20T00:00:00+02:00,2025-10-21T00:00:00+02:00,2025-10-28T00:00:00+01:00,7,2025-10-28T12:45:42+01:00,3575,"Organoid PatchSeq",,131,12,2025-10-18T12:25:42+02:00,,Created,,1,2025-10-20T00:00:00+02:00,2025-10-20T13:54:55+02:00,"Florian Pauler",Hippenmeyer,27829,19701,1,Completed,1,15,0,qpcr,21714,287,no_spikeins,1,,None,Standard,,7,4,2025-10-28T12:45:42+01:00,,,,R19701_1,534173,Completed,19701,366550,1,1,0,7,4,0,,2025-10-28T12:45:31+01:00,,366550,Illumina,Ready,B3_SetB_Pl2,"Mus musculus",RNA-Seq,Cx,"single cell",M11-Emx1creER,,,,,"Florian Pauler",Hippenmeyer,none,"none Illumina",,100-700,200-1000,1,0,Standard,"IDT-ILMN Nextera DNA UD Indexes v3",7114,5114,,TAGAATTGGA,GTTAATCTGA,,2025-10-21T00:00:00+02:00,2025-10-22T00:00:00+02:00,2025-10-22T13:35:29+02:00
19701,"Florian Pauler",Hippenmeyer,Completed,Illumina,0,"NovaSeqX 10B XP flowcell PairedEnd 150 - single lane",1,,,-,"~40 yl of 11nM, library. Smart-Seq v3. PhiX requested to be 15%",287,2025-10-20T00:00:00+02:00,2025-10-21T00:00:00+02:00,2025-10-28T00:00:00+01:00,7,2025-10-28T12:45:42+01:00,3575,"Organoid PatchSeq",,131,12,2025-10-18T12:25:42+02:00,,Created,,1,2025-10-20T00:00:00+02:00,2025-10-20T13:54:55+02:00,"Florian Pauler",Hippenmeyer,27829,19701,1,Completed,1,15,0,qpcr,21714,287,no_spikeins,1,,None,Standard,,7,4,2025-10-28T12:45:42+01:00,,,,R19701_1,534174,Completed,19701,366549,1,1,0,7,4,0,,2025-10-28T12:45:31+01:00,,366549,Illumina,Ready,A3_SetB_Pl2,"Mus musculus",RNA-Seq,Cx,"single cell",M11-Emx1creER,,,,,"Florian Pauler",Hippenmeyer,none,"none Illumina",,100-700,200-1000,1,0,Standard,"IDT-ILMN Nextera DNA UD Indexes v3",7113,5113,,GAATTACAAG,ACCGGCTCAG,,2025-10-21T00:00:00+02:00,2025-10-22T00:00:00+02:00,2025-10-22T13:35:30+02:00
19701,"Florian Pauler",Hippenmeyer,Completed,Illumina,0,"NovaSeqX 10B XP flowcell PairedEnd 150 - single lane",1,,,-,"~40 yl of 11nM, library. Smart-Seq v3. PhiX requested to be 15%",287,2025-10-20T00:00:00+02:00,2025-10-21T00:00:00+02:00,2025-10-28T00:00:00+01:00,7,2025-10-28T12:45:42+01:00,3575,"Organoid PatchSeq",,131,12,2025-10-18T12:25:42+02:00,,Created,,1,2025-10-20T00:00:00+02:00,2025-10-20T13:54:55+02:00,"Florian Pauler",Hippenmeyer,27829,19701,1,Completed,1,15,0,qpcr,21714,287,no_spikeins,1,,None,Standard,,7,4,2025-10-28T12:45:42+01:00,,,,R19701_1,534175,Completed,19701,366548,1,1,0,7,4,0,,2025-10-28T12:45:31+01:00,,366548,Illumina,Ready,H2_SetB_Pl2,"Mus musculus",RNA-Seq,Cx,"single cell",M11-Emx1creER,,,,,"Florian Pauler",Hippenmeyer,none,"none Illumina",,100-700,200-1000,1,0,Standard,"IDT-ILMN Nextera DNA UD Indexes v3",7112,5112,,TGATGGCTAC,CCAACAACAT,,2025-10-21T00:00:00+02:00,2025-10-22T00:00:00+02:00,2025-10-22T13:35:30+02:00
19701,"Florian Pauler",Hippenmeyer,Completed,Illumina,0,"NovaSeqX 10B XP flowcell PairedEnd 150 - single lane",1,,,-,"~40 yl of 11nM, library. Smart-Seq v3. PhiX requested to be 15%",287,2025-10-20T00:00:00+02:00,2025-10-21T00:00:00+02:00,2025-10-28T00:00:00+01:00,7,2025-10-28T12:45:42+01:00,3575,"Organoid PatchSeq",,131,12,2025-10-18T12:25:42+02:00,,Created,,1,2025-10-20T00:00:00+02:00,2025-10-20T13:54:55+02:00,"Florian Pauler",Hippenmeyer,27829,19701,1,Completed,1,15,0,qpcr,21714,287,no_spikeins,1,,None,Standard,,7,4,2025-10-28T12:45:42+01:00,,,,R19701_1,534176,Completed,19701,366547,1,1,0,7,4,0,,2025-10-28T12:45:31+01:00,,366547,Illumina,Ready,G2_SetB_Pl2,"Mus musculus",RNA-Seq,Cx,"single cell",M11-Emx1creER,,,,,"Florian Pauler",Hippenmeyer,none,"none Illumina",,100-700,200-1000,1,0,Standard,"IDT-ILMN Nextera DNA UD Indexes v3",7111,5111,,ATTAACAAGG,TGTTGTTCGT,,2025-10-21T00:00:00+02:00,2025-10-22T00:00:00+02:00,2025-10-22T13:35:30+02:00
19701,"Florian Pauler",Hippenmeyer,Completed,Illumina,0,"NovaSeqX 10B XP flowcell PairedEnd 150 - single lane",1,,,-,"~40 yl of 11nM, library. Smart-Seq v3. PhiX requested to be 15%",287,2025-10-20T00:00:00+02:00,2025-10-21T00:00:00+02:00,2025-10-28T00:00:00+01:00,7,2025-10-28T12:45:42+01:00,3575,"Organoid PatchSeq",,131,12,2025-10-18T12:25:42+02:00,,Created,,1,2025-10-20T00:00:00+02:00,2025-10-20T13:54:55+02:00,"Florian Pauler",Hippenmeyer,27829,19701,1,Completed,1,15,0,qpcr,21714,287,no_spikeins,1,,None,Standard,,7,4,2025-10-28T12:45:42+01:00,,,,R19701_1,534177,Completed,19701,366546,1,1,0,7,4,0,,2025-10-28T12:45:31+01:00,,366546,Illumina,Ready,F2_SetB_Pl2,"Mus musculus",RNA-Seq,Cx,"single cell",M11-Emx1creER,,,,,"Florian Pauler",Hippenmeyer,none,"none Illumina",,100-700,200-1000,1,0,Standard,"IDT-ILMN Nextera DNA UD Indexes v3",7110,5110,,TAATTAGCGT,TGGTTAAGAA,,2025-10-21T00:00:00+02:00,2025-10-22T00:00:00+02:00,2025-10-22T13:35:30+02:00
19701,"Florian Pauler",Hippenmeyer,Completed,Illumina,0,"NovaSeqX 10B XP flowcell PairedEnd 150 - single lane",1,,,-,"~40 yl of 11nM, library. Smart-Seq v3. PhiX requested to be 15%",287,2025-10-20T00:00:00+02:00,2025-10-21T00:00:00+02:00,2025-10-28T00:00:00+01:00,7,2025-10-28T12:45:42+01:00,3575,"Organoid PatchSeq",,131,12,2025-10-18T12:25:42+02:00,,Created,,1,2025-10-20T00:00:00+02:00,2025-10-20T13:54:55+02:00,"Florian Pauler",Hippenmeyer,27829,19701,1,Completed,1,15,0,qpcr,21714,287,no_spikeins,1,,None,Standard,,7,4,2025-10-28T12:45:42+01:00,,,,R19701_1,534178,Completed,19701,366545,1,1,0,7,4,0,,2025-10-28T12:45:31+01:00,,366545,Illumina,Ready,E2_SetB_Pl2,"Mus musculus",RNA-Seq,Cx,"single cell",M11-Emx1creER,,,,,"Florian Pauler",Hippenmeyer,none,"none Illumina",,100-700,200-1000,1,0,Standard,"IDT-ILMN Nextera DNA UD Indexes v3",7109,5109,,GGTAGAATTA,GTAGCCATCA,,2025-10-21T00:00:00+02:00,2025-10-22T00:00:00+02:00,2025-10-22T13:35:30+02:00
19701,"Florian Pauler",Hippenmeyer,Completed,Illumina,0,"NovaSeqX 10B XP flowcell PairedEnd 150 - single lane",1,,,-,"~40 yl of 11nM, library. Smart-Seq v3. PhiX requested to be 15%",287,2025-10-20T00:00:00+02:00,2025-10-21T00:00:00+02:00,2025-10-28T00:00:00+01:00,7,2025-10-28T12:45:42+01:00,3575,"Organoid PatchSeq",,131,12,2025-10-18T12:25:42+02:00,,Created,,1,2025-10-20T00:00:00+02:00,2025-10-20T13:54:55+02:00,"Florian Pauler",Hippenmeyer,27829,19701,1,Completed,1,15,0,qpcr,21714,287,no_spikeins,1,,None,Standard,,7,4,2025-10-28T12:45:42+01:00,,,,R19701_1,534179,Completed,19701,366544,1,1,0,7,4,0,,2025-10-28T12:45:31+01:00,,366544,Illumina,Ready,D2_SetB_Pl2,"Mus musculus",RNA-Seq,Cx,"single cell",M11-Emx1creER,,,,,"Florian Pauler",Hippenmeyer,none,"none Illumina",,100-700,200-1000,1,0,Standard,"IDT-ILMN Nextera DNA UD Indexes v3",7108,5108,,AGTACTCATG,ATGTCGTGGT,,2025-10-21T00:00:00+02:00,2025-10-22T00:00:00+02:00,2025-10-22T13:35:31+02:00
19701,"Florian Pauler",Hippenmeyer,Completed,Illumina,0,"NovaSeqX 10B XP flowcell PairedEnd 150 - single lane",1,,,-,"~40 yl of 11nM, library. Smart-Seq v3. PhiX requested to be 15%",287,2025-10-20T00:00:00+02:00,2025-10-21T00:00:00+02:00,2025-10-28T00:00:00+01:00,7,2025-10-28T12:45:42+01:00,3575,"Organoid PatchSeq",,131,12,2025-10-18T12:25:42+02:00,,Created,,1,2025-10-20T00:00:00+02:00,2025-10-20T13:54:55+02:00,"Florian Pauler",Hippenmeyer,27829,19701,1,Completed,1,15,0,qpcr,21714,287,no_spikeins,1,,None,Standard,,7,4,2025-10-28T12:45:42+01:00,,,,R19701_1,534180,Completed,19701,366543,1,1,0,7,4,0,,2025-10-28T12:45:32+01:00,,366543,Illumina,Ready,C2_SetB_Pl2,"Mus musculus",RNA-Seq,Cx,"single cell",M11-Emx1creER,,,,,"Florian Pauler",Hippenmeyer,none,"none Illumina",,100-700,200-1000,1,0,Standard,"IDT-ILMN Nextera DNA UD Indexes v3",7107,5107,,GAACGCAATA,ATCTTACTGT,,2025-10-21T00:00:00+02:00,2025-10-22T00:00:00+02:00,2025-10-22T13:35:31+02:00
19701,"Florian Pauler",Hippenmeyer,Completed,Illumina,0,"NovaSeqX 10B XP flowcell PairedEnd 150 - single lane",1,,,-,"~40 yl of 11nM, library. Smart-Seq v3. PhiX requested to be 15%",287,2025-10-20T00:00:00+02:00,2025-10-21T00:00:00+02:00,2025-10-28T00:00:00+01:00,7,2025-10-28T12:45:42+01:00,3575,"Organoid PatchSeq",,131,12,2025-10-18T12:25:42+02:00,,Created,,1,2025-10-20T00:00:00+02:00,2025-10-20T13:54:55+02:00,"Florian Pauler",Hippenmeyer,27829,19701,1,Completed,1,15,0,qpcr,21714,287,no_spikeins,1,,None,Standard,,7,4,2025-10-28T12:45:42+01:00,,,,R19701_1,534183,Completed,19701,366540,1,1,0,7,4,0,,2025-10-28T12:45:32+01:00,,366540,Illumina,Ready,H1_SetB_Pl2,"Mus musculus",RNA-Seq,Cx,"single cell",M11-Emx1creER,,,,,"Florian Pauler",Hippenmeyer,none,"none Illumina",,100-700,200-1000,1,0,Standard,"IDT-ILMN Nextera DNA UD Indexes v3",7104,5104,,GGTCTATTAA,CCACGACACG,,2025-10-21T00:00:00+02:00,2025-10-22T00:00:00+02:00,2025-10-22T13:35:31+02:00
19701,"Florian Pauler",Hippenmeyer,Completed,Illumina,0,"NovaSeqX 10B XP flowcell PairedEnd 150 - single lane",1,,,-,"~40 yl of 11nM, library. Smart-Seq v3. PhiX requested to be 15%",287,2025-10-20T00:00:00+02:00,2025-10-21T00:00:00+02:00,2025-10-28T00:00:00+01:00,7,2025-10-28T12:45:42+01:00,3575,"Organoid PatchSeq",,131,12,2025-10-18T12:25:42+02:00,,Created,,1,2025-10-20T00:00:00+02:00,2025-10-20T13:54:55+02:00,"Florian Pauler",Hippenmeyer,27829,19701,1,Completed,1,15,0,qpcr,21714,287,no_spikeins,1,,None,Standard,,7,4,2025-10-28T12:45:42+01:00,,,,R19701_1,534184,Completed,19701,366539,1,1,0,7,4,0,,2025-10-28T12:45:32+01:00,,366539,Illumina,Ready,G1_SetB_Pl2,"Mus musculus",RNA-Seq,Cx,"single cell",M11-Emx1creER,,,,,"Florian Pauler",Hippenmeyer,none,"none Illumina",,100-700,200-1000,1,0,Standard,"IDT-ILMN Nextera DNA UD Indexes v3",7103,5103,,TCCGTTATGT,TTGTAGTGTA,,2025-10-21T00:00:00+02:00,2025-10-22T00:00:00+02:00,2025-10-22T13:35:31+02:00
19701,"Florian Pauler",Hippenmeyer,Completed,Illumina,0,"NovaSeqX 10B XP flowcell PairedEnd 150 - single lane",1,,,-,"~40 yl of 11nM, library. Smart-Seq v3. PhiX requested to be 15%",287,2025-10-20T00:00:00+02:00,2025-10-21T00:00:00+02:00,2025-10-28T00:00:00+01:00,7,2025-10-28T12:45:42+01:00,3575,"Organoid PatchSeq",,131,12,2025-10-18T12:25:42+02:00,,Created,,1,2025-10-20T00:00:00+02:00,2025-10-20T13:54:55+02:00,"Florian Pauler",Hippenmeyer,27829,19701,1,Completed,1,15,0,qpcr,21714,287,no_spikeins,1,,None,Standard,,7,4,2025-10-28T12:45:42+01:00,,,,R19701_1,534185,Completed,19701,366538,1,1,0,7,4,0,,2025-10-28T12:45:32+01:00,,366538,Illumina,Ready,F1_SetB_Pl2,"Mus musculus",RNA-Seq,Cx,"single cell",M11-Emx1creER,,,,,"Florian Pauler",Hippenmeyer,none,"none Illumina",,100-700,200-1000,1,0,Standard,"IDT-ILMN Nextera DNA UD Indexes v3",7102,5102,,CTAGCTTCAA,TGTGTAAGCT,,2025-10-21T00:00:00+02:00,2025-10-22T00:00:00+02:00,2025-10-22T13:35:32+02:00
19701,"Florian Pauler",Hippenmeyer,Completed,Illumina,0,"NovaSeqX 10B XP flowcell PairedEnd 150 - single lane",1,,,-,"~40 yl of 11nM, library. Smart-Seq v3. PhiX requested to be 15%",287,2025-10-20T00:00:00+02:00,2025-10-21T00:00:00+02:00,2025-10-28T00:00:00+01:00,7,2025-10-28T12:45:42+01:00,3575,"Organoid PatchSeq",,131,12,2025-10-18T12:25:42+02:00,,Created,,1,2025-10-20T00:00:00+02:00,2025-10-20T13:54:55+02:00,"Florian Pauler",Hippenmeyer,27829,19701,1,Completed,1,15,0,qpcr,21714,287,no_spikeins,1,,None,Standard,,7,4,2025-10-28T12:45:42+01:00,,,,R19701_1,534186,Completed,19701,366537,1,1,0,7,4,0,,2025-10-28T12:45:32+01:00,,366537,Illumina,Ready,E1_SetB_Pl2,"Mus musculus",RNA-Seq,Cx,"single cell",M11-Emx1creER,,,,,"Florian Pauler",Hippenmeyer,none,"none Illumina",,100-700,200-1000,1,0,Standard,"IDT-ILMN Nextera DNA UD Indexes v3",7101,5101,,ATATGCATGT,TGGTGCCTGG,,2025-10-21T00:00:00+02:00,2025-10-22T00:00:00+02:00,2025-10-22T13:35:32+02:00
19701,"Florian Pauler",Hippenmeyer,Completed,Illumina,0,"NovaSeqX 10B XP flowcell PairedEnd 150 - single lane",1,,,-,"~40 yl of 11nM, library. Smart-Seq v3. PhiX requested to be 15%",287,2025-10-20T00:00:00+02:00,2025-10-21T00:00:00+02:00,2025-10-28T00:00:00+01:00,7,2025-10-28T12:45:42+01:00,3575,"Organoid PatchSeq",,131,12,2025-10-18T12:25:42+02:00,,Created,,1,2025-10-20T00:00:00+02:00,2025-10-20T13:54:55+02:00,"Florian Pauler",Hippenmeyer,27829,19701,1,Completed,1,15,0,qpcr,21714,287,no_spikeins,1,,None,Standard,,7,4,2025-10-28T12:45:42+01:00,,,,R19701_1,534187,Completed,19701,366536,1,1,0,7,4,0,,2025-10-28T12:45:32+01:00,,366536,Illumina,Ready,D1_SetB_Pl2,"Mus musculus",RNA-Seq,Cx,"single cell",M11-Emx1creER,,,,,"Florian Pauler",Hippenmeyer,none,"none Illumina",,100-700,200-1000,1,0,Standard,"IDT-ILMN Nextera DNA UD Indexes v3",7100,5100,,TCAATGGAGA,GCACTACAAC,,2025-10-21T00:00:00+02:00,2025-10-22T00:00:00+02:00,2025-10-22T13:35:32+02:00
19701,"Florian Pauler",Hippenmeyer,Completed,Illumina,0,"NovaSeqX 10B XP flowcell PairedEnd 150 - single lane",1,,,-,"~40 yl of 11nM, library. Smart-Seq v3. PhiX requested to be 15%",287,2025-10-20T00:00:00+02:00,2025-10-21T00:00:00+02:00,2025-10-28T00:00:00+01:00,7,2025-10-28T12:45:42+01:00,3575,"Organoid PatchSeq",,131,12,2025-10-18T12:25:42+02:00,,Created,,1,2025-10-20T00:00:00+02:00,2025-10-20T13:54:55+02:00,"Florian Pauler",Hippenmeyer,27829,19701,1,Completed,1,15,0,qpcr,21714,287,no_spikeins,1,,None,Standard,,7,4,2025-10-28T12:45:42+01:00,,,,R19701_1,534188,Completed,19701,366535,1,1,0,7,4,0,,2025-10-28T12:45:32+01:00,,366535,Illumina,Ready,C1_SetB_Pl2,"Mus musculus",RNA-Seq,Cx,"single cell",M11-Emx1creER,,,,,"Florian Pauler",Hippenmeyer,none,"none Illumina",,100-700,200-1000,1,0,Standard,"IDT-ILMN Nextera DNA UD Indexes v3",7099,5099,,TCTCACACGC,CGGACAGTGA,,2025-10-21T00:00:00+02:00,2025-10-22T00:00:00+02:00,2025-10-22T13:35:32+02:00
19701,"Florian Pauler",Hippenmeyer,Completed,Illumina,0,"NovaSeqX 10B XP flowcell PairedEnd 150 - single lane",1,,,-,"~40 yl of 11nM, library. Smart-Seq v3. PhiX requested to be 15%",287,2025-10-20T00:00:00+02:00,2025-10-21T00:00:00+02:00,2025-10-28T00:00:00+01:00,7,2025-10-28T12:45:42+01:00,3575,"Organoid PatchSeq",,131,12,2025-10-18T12:25:42+02:00,,Created,,1,2025-10-20T00:00:00+02:00,2025-10-20T13:54:55+02:00,"Florian Pauler",Hippenmeyer,27829,19701,1,Completed,1,15,0,qpcr,21714,287,no_spikeins,1,,None,Standard,,7,4,2025-10-28T12:45:42+01:00,,,,R19701_1,534189,Completed,19701,366534,1,1,0,7,4,0,,2025-10-28T12:45:33+01:00,,366534,Illumina,Ready,B1_SetB_Pl2,"Mus musculus",RNA-Seq,Cx,"single cell",M11-Emx1creER,,,,,"Florian Pauler",Hippenmeyer,none,"none Illumina",,100-700,200-1000,1,0,Standard,"IDT-ILMN Nextera DNA UD Indexes v3",7098,5098,,CACTCAATTC,TTAAGTTGTG,,2025-10-21T00:00:00+02:00,2025-10-22T00:00:00+02:00,2025-10-22T13:35:32+02:00
19701,"Florian Pauler",Hippenmeyer,Completed,Illumina,0,"NovaSeqX 10B XP flowcell PairedEnd 150 - single lane",1,,,-,"~40 yl of 11nM, library. Smart-Seq v3. PhiX requested to be 15%",287,2025-10-20T00:00:00+02:00,2025-10-21T00:00:00+02:00,2025-10-28T00:00:00+01:00,7,2025-10-28T12:45:42+01:00,3575,"Organoid PatchSeq",,131,12,2025-10-18T12:25:42+02:00,,Created,,1,2025-10-20T00:00:00+02:00,2025-10-20T13:54:55+02:00,"Florian Pauler",Hippenmeyer,27829,19701,1,Completed,1,15,0,qpcr,21714,287,no_spikeins,1,,None,Standard,,7,4,2025-10-28T12:45:42+01:00,,,,R19701_1,534190,Completed,19701,366533,1,1,0,7,4,0,,2025-10-28T12:45:33+01:00,,366533,Illumina,Ready,A1_SetB_Pl2,"Mus musculus",RNA-Seq,Cx,"single cell",M11-Emx1creER,,,,,"Florian Pauler",Hippenmeyer,none,"none Illumina",,100-700,200-1000,1,0,Standard,"IDT-ILMN Nextera DNA UD Indexes v3",7097,5097,,TGCCGGTCAG,CCTGATACAA,,2025-10-21T00:00:00+02:00,2025-10-22T00:00:00+02:00,2025-10-22T13:35:32+02:00
19701,"Florian Pauler",Hippenmeyer,Completed,Illumina,0,"NovaSeqX 10B XP flowcell PairedEnd 150 - single lane",1,,,-,"~40 yl of 11nM, library. Smart-Seq v3. PhiX requested to be 15%",287,2025-10-20T00:00:00+02:00,2025-10-21T00:00:00+02:00,2025-10-28T00:00:00+01:00,7,2025-10-28T12:45:42+01:00,3575,"Organoid PatchSeq",,131,12,2025-10-18T12:25:42+02:00,,Created,,1,2025-10-20T00:00:00+02:00,2025-10-20T13:54:55+02:00,"Florian Pauler",Hippenmeyer,27829,19701,1,Completed,1,15,0,qpcr,21714,287,no_spikeins,1,,None,Standard,,7,4,2025-10-28T12:45:42+01:00,,,,R19701_1,534191,Completed,19701,366532,1,1,0,7,4,0,,2025-10-28T12:45:33+01:00,,366532,Illumina,Ready,H12_SetA_Pl1,"Mus musculus",RNA-Seq,Cx,"single cell",M11-Emx1creER,,,,,"Florian Pauler",Hippenmeyer,none,"none Illumina",,100-700,200-1000,1,0,Standard,"IDT-ILMN Nextera DNA UD Indexes v3",7096,5096,,CCTCCGTCCA,CACATCGGTG,,2025-10-21T00:00:00+02:00,2025-10-22T00:00:00+02:00,2025-10-22T13:35:32+02:00
19701,"Florian Pauler",Hippenmeyer,Completed,Illumina,0,"NovaSeqX 10B XP flowcell PairedEnd 150 - single lane",1,,,-,"~40 yl of 11nM, library. Smart-Seq v3. PhiX requested to be 15%",287,2025-10-20T00:00:00+02:00,2025-10-21T00:00:00+02:00,2025-10-28T00:00:00+01:00,7,2025-10-28T12:45:42+01:00,3575,"Organoid PatchSeq",,131,12,2025-10-18T12:25:42+02:00,,Created,,1,2025-10-20T00:00:00+02:00,2025-10-20T13:54:55+02:00,"Florian Pauler",Hippenmeyer,27829,19701,1,Completed,1,15,0,qpcr,21714,287,no_spikeins,1,,None,Standard,,7,4,2025-10-28T12:45:42+01:00,,,,R19701_1,534192,Completed,19701,366531,1,1,0,7,4,0,,2025-10-28T12:45:33+01:00,,366531,Illumina,Ready,G12_SetA_Pl1,"Mus musculus",RNA-Seq,Cx,"single cell",M11-Emx1creER,,,,,"Florian Pauler",Hippenmeyer,none,"none Illumina",,100-700,200-1000,1,0,Standard,"IDT-ILMN Nextera DNA UD Indexes v3",7095,5095,,GTATTCCACC,ATGTAGACAA,,2025-10-21T00:00:00+02:00,2025-10-22T00:00:00+02:00,2025-10-22T13:35:33+02:00
19701,"Florian Pauler",Hippenmeyer,Completed,Illumina,0,"NovaSeqX 10B XP flowcell PairedEnd 150 - single lane",1,,,-,"~40 yl of 11nM, library. Smart-Seq v3. PhiX requested to be 15%",287,2025-10-20T00:00:00+02:00,2025-10-21T00:00:00+02:00,2025-10-28T00:00:00+01:00,7,2025-10-28T12:45:42+01:00,3575,"Organoid PatchSeq",,131,12,2025-10-18T12:25:42+02:00,,Created,,1,2025-10-20T00:00:00+02:00,2025-10-20T13:54:55+02:00,"Florian Pauler",Hippenmeyer,27829,19701,1,Completed,1,15,0,qpcr,21714,287,no_spikeins,1,,None,Standard,,7,4,2025-10-28T12:45:42+01:00,,,,R19701_1,534221,Completed,19701,366502,1,1,0,7,4,0,,2025-10-28T12:45:36+01:00,,366502,Illumina,Ready,B9_SetA_Pl1,"Mus musculus",RNA-Seq,Cx,"single cell",M11-Emx1creER,,,,,"Florian Pauler",Hippenmeyer,none,"none Illumina",,100-700,200-1000,1,0,Standard,"IDT-ILMN Nextera DNA UD Indexes v3",7066,5066,,ATACCAACGC,AATTGCTGCG,,2025-10-21T00:00:00+02:00,2025-10-22T00:00:00+02:00,2025-10-22T13:35:38+02:00
19701,"Florian Pauler",Hippenmeyer,Completed,Illumina,0,"NovaSeqX 10B XP flowcell PairedEnd 150 - single lane",1,,,-,"~40 yl of 11nM, library. Smart-Seq v3. PhiX requested to be 15%",287,2025-10-20T00:00:00+02:00,2025-10-21T00:00:00+02:00,2025-10-28T00:00:00+01:00,7,2025-10-28T12:45:42+01:00,3575,"Organoid PatchSeq",,131,12,2025-10-18T12:25:42+02:00,,Created,,1,2025-10-20T00:00:00+02:00,2025-10-20T13:54:55+02:00,"Florian Pauler",Hippenmeyer,27829,19701,1,Completed,1,15,0,qpcr,21714,287,no_spikeins,1,,None,Standard,,7,4,2025-10-28T12:45:42+01:00,,,,R19701_1,534222,Completed,19701,366501,1,1,0,7,4,0,,2025-10-28T12:45:36+01:00,,366501,Illumina,Ready,A9_SetA_Pl1,"Mus musculus",RNA-Seq,Cx,"single cell",M11-Emx1creER,,,,,"Florian Pauler",Hippenmeyer,none,"none Illumina",,100-700,200-1000,1,0,Standard,"IDT-ILMN Nextera DNA UD Indexes v3",7065,5065,,TAATGTGTCT,GTAAGGCATA,,2025-10-21T00:00:00+02:00,2025-10-22T00:00:00+02:00,2025-10-22T13:35:38+02:00
19701,"Florian Pauler",Hippenmeyer,Completed,Illumina,0,"NovaSeqX 10B XP flowcell PairedEnd 150 - single lane",1,,,-,"~40 yl of 11nM, library. Smart-Seq v3. PhiX requested to be 15%",287,2025-10-20T00:00:00+02:00,2025-10-21T00:00:00+02:00,2025-10-28T00:00:00+01:00,7,2025-10-28T12:45:42+01:00,3575,"Organoid PatchSeq",,131,12,2025-10-18T12:25:42+02:00,,Created,,1,2025-10-20T00:00:00+02:00,2025-10-20T13:54:55+02:00,"Florian Pauler",Hippenmeyer,27829,19701,1,Completed,1,15,0,qpcr,21714,287,no_spikeins,1,,None,Standard,,7,4,2025-10-28T12:45:42+01:00,,,,R19701_1,534224,Completed,19701,366499,1,1,0,7,4,0,,2025-10-28T12:45:36+01:00,,366499,Illumina,Ready,G8_SetA_Pl1,"Mus musculus",RNA-Seq,Cx,"single cell",M11-Emx1creER,,,,,"Florian Pauler",Hippenmeyer,none,"none Illumina",,100-700,200-1000,1,0,Standard,"IDT-ILMN Nextera DNA UD Indexes v3",7063,5063,,ATTGCGCGGT,TTGGCTCCGC,,2025-10-21T00:00:00+02:00,2025-10-22T00:00:00+02:00,2025-10-22T13:35:38+02:00
19701,"Florian Pauler",Hippenmeyer,Completed,Illumina,0,"NovaSeqX 10B XP flowcell PairedEnd 150 - single lane",1,,,-,"~40 yl of 11nM, library. Smart-Seq v3. PhiX requested to be 15%",287,2025-10-20T00:00:00+02:00,2025-10-21T00:00:00+02:00,2025-10-28T00:00:00+01:00,7,2025-10-28T12:45:42+01:00,3575,"Organoid PatchSeq",,131,12,2025-10-18T12:25:42+02:00,,Created,,1,2025-10-20T00:00:00+02:00,2025-10-20T13:54:55+02:00,"Florian Pauler",Hippenmeyer,27829,19701,1,Completed,1,15,0,qpcr,21714,287,no_spikeins,1,,None,Standard,,7,4,2025-10-28T12:45:42+01:00,,,,R19701_1,534225,Completed,19701,366498,1,1,0,7,4,0,,2025-10-28T12:45:36+01:00,,366498,Illumina,Ready,F8_SetA_Pl1,"Mus musculus",RNA-Seq,Cx,"single cell",M11-Emx1creER,,,,,"Florian Pauler",Hippenmeyer,none,"none Illumina",,100-700,200-1000,1,0,Standard,"IDT-ILMN Nextera DNA UD Indexes v3",7062,5062,,AACACTGTTA,GCAAGTCTCA,,2025-10-21T00:00:00+02:00,2025-10-22T00:00:00+02:00,2025-10-22T13:35:38+02:00
19701,"Florian Pauler",Hippenmeyer,Completed,Illumina,0,"NovaSeqX 10B XP flowcell PairedEnd 150 - single lane",1,,,-,"~40 yl of 11nM, library. Smart-Seq v3. PhiX requested to be 15%",287,2025-10-20T00:00:00+02:00,2025-10-21T00:00:00+02:00,2025-10-28T00:00:00+01:00,7,2025-10-28T12:45:42+01:00,3575,"Organoid PatchSeq",,131,12,2025-10-18T12:25:42+02:00,,Created,,1,2025-10-20T00:00:00+02:00,2025-10-20T13:54:55+02:00,"Florian Pauler",Hippenmeyer,27829,19701,1,Completed,1,15,0,qpcr,21714,287,no_spikeins,1,,None,Standard,,7,4,2025-10-28T12:45:42+01:00,,,,R19701_1,534226,Completed,19701,366497,1,1,0,7,4,0,,2025-10-28T12:45:36+01:00,,366497,Illumina,Ready,E8_SetA_Pl1,"Mus musculus",RNA-Seq,Cx,"single cell",M11-Emx1creER,,,,,"Florian Pauler",Hippenmeyer,none,"none Illumina",,100-700,200-1000,1,0,Standard,"IDT-ILMN Nextera DNA UD Indexes v3",7061,5061,,TGGCTAATCA,AGGCATGTAG,,2025-10-21T00:00:00+02:00,2025-10-22T00:00:00+02:00,2025-10-22T13:35:38+02:00
19701,"Florian Pauler",Hippenmeyer,Completed,Illumina,0,"NovaSeqX 10B XP flowcell PairedEnd 150 - single lane",1,,,-,"~40 yl of 11nM, library. Smart-Seq v3. PhiX requested to be 15%",287,2025-10-20T00:00:00+02:00,2025-10-21T00:00:00+02:00,2025-10-28T00:00:00+01:00,7,2025-10-28T12:45:42+01:00,3575,"Organoid PatchSeq",,131,12,2025-10-18T12:25:42+02:00,,Created,,1,2025-10-20T00:00:00+02:00,2025-10-20T13:54:55+02:00,"Florian Pauler",Hippenmeyer,27829,19701,1,Completed,1,15,0,qpcr,21714,287,no_spikeins,1,,None,Standard,,7,4,2025-10-28T12:45:42+01:00,,,,R19701_1,534227,Completed,19701,366496,1,1,0,7,4,0,,2025-10-28T12:45:36+01:00,,366496,Illumina,Ready,D8_SetA_Pl1,"Mus musculus",RNA-Seq,Cx,"single cell",M11-Emx1creER,,,,,"Florian Pauler",Hippenmeyer,none,"none Illumina",,100-700,200-1000,1,0,Standard,"IDT-ILMN Nextera DNA UD Indexes v3",7060,5060,,TTACCTGGAA,ACAGTTCCAG,,2025-10-21T00:00:00+02:00,2025-10-22T00:00:00+02:00,2025-10-22T13:35:39+02:00
19701,"Florian Pauler",Hippenmeyer,Completed,Illumina,0,"NovaSeqX 10B XP flowcell PairedEnd 150 - single lane",1,,,-,"~40 yl of 11nM, library. Smart-Seq v3. PhiX requested to be 15%",287,2025-10-20T00:00:00+02:00,2025-10-21T00:00:00+02:00,2025-10-28T00:00:00+01:00,7,2025-10-28T12:45:42+01:00,3575,"Organoid PatchSeq",,131,12,2025-10-18T12:25:42+02:00,,Created,,1,2025-10-20T00:00:00+02:00,2025-10-20T13:54:55+02:00,"Florian Pauler",Hippenmeyer,27829,19701,1,Completed,1,15,0,qpcr,21714,287,no_spikeins,1,,None,Standard,,7,4,2025-10-28T12:45:42+01:00,,,,R19701_1,534256,Completed,19701,366467,1,1,0,7,4,0,,2025-10-28T12:45:39+01:00,,366467,Illumina,Ready,G4_SetA_Pl1,"Mus musculus",RNA-Seq,Cx,"single cell",M11-Emx1creER,,,,,"Florian Pauler",Hippenmeyer,none,"none Illumina",,100-700,200-1000,1,0,Standard,"IDT-ILMN Nextera DNA UD Indexes v3",7031,5031,,GTGACACGCA,GCTTACGGAC,,2025-10-21T00:00:00+02:00,2025-10-22T00:00:00+02:00,2025-10-22T13:35:15+02:00
19701,"Florian Pauler",Hippenmeyer,Completed,Illumina,0,"NovaSeqX 10B XP flowcell PairedEnd 150 - single lane",1,,,-,"~40 yl of 11nM, library. Smart-Seq v3. PhiX requested to be 15%",287,2025-10-20T00:00:00+02:00,2025-10-21T00:00:00+02:00,2025-10-28T00:00:00+01:00,7,2025-10-28T12:45:42+01:00,3575,"Organoid PatchSeq",,131,12,2025-10-18T12:25:42+02:00,,Created,,1,2025-10-20T00:00:00+02:00,2025-10-20T13:54:55+02:00,"Florian Pauler",Hippenmeyer,27829,19701,1,Completed,1,15,0,qpcr,21714,287,no_spikeins,1,,None,Standard,,7,4,2025-10-28T12:45:42+01:00,,,,R19701_1,534257,Completed,19701,366466,1,1,0,7,4,0,,2025-10-28T12:45:39+01:00,,366466,Illumina,Ready,F4_SetA_Pl1,"Mus musculus",RNA-Seq,Cx,"single cell",M11-Emx1creER,,,,,"Florian Pauler",Hippenmeyer,none,"none Illumina",,100-700,200-1000,1,0,Standard,"IDT-ILMN Nextera DNA UD Indexes v3",7030,5030,,CCACCAGGCA,CTTATGGAAT,,2025-10-21T00:00:00+02:00,2025-10-22T00:00:00+02:00,2025-10-22T13:35:15+02:00
19701,"Florian Pauler",Hippenmeyer,Completed,Illumina,0,"NovaSeqX 10B XP flowcell PairedEnd 150 - single lane",1,,,-,"~40 yl of 11nM, library. Smart-Seq v3. PhiX requested to be 15%",287,2025-10-20T00:00:00+02:00,2025-10-21T00:00:00+02:00,2025-10-28T00:00:00+01:00,7,2025-10-28T12:45:42+01:00,3575,"Organoid PatchSeq",,131,12,2025-10-18T12:25:42+02:00,,Created,,1,2025-10-20T00:00:00+02:00,2025-10-20T13:54:55+02:00,"Florian Pauler",Hippenmeyer,27829,19701,1,Completed,1,15,0,qpcr,21714,287,no_spikeins,1,,None,Standard,,7,4,2025-10-28T12:45:42+01:00,,,,R19701_1,534272,Completed,19701,366451,1,1,0,7,4,0,,2025-10-28T12:45:41+01:00,,366451,Illumina,Ready,G2_SetA_Pl1,"Mus musculus",RNA-Seq,Cx,"single cell",M11-Emx1creER,,,,,"Florian Pauler",Hippenmeyer,none,"none Illumina",,100-700,200-1000,1,0,Standard,"IDT-ILMN Nextera DNA UD Indexes v3",7015,5015,,TCCATTGCCG,GAATGCACGA,,2025-10-21T00:00:00+02:00,2025-10-22T00:00:00+02:00,2025-10-22T13:35:18+02:00
19701,"Florian Pauler",Hippenmeyer,Completed,Illumina,0,"NovaSeqX 10B XP flowcell PairedEnd 150 - single lane",1,,,-,"~40 yl of 11nM, library. Smart-Seq v3. PhiX requested to be 15%",287,2025-10-20T00:00:00+02:00,2025-10-21T00:00:00+02:00,2025-10-28T00:00:00+01:00,7,2025-10-28T12:45:42+01:00,3575,"Organoid PatchSeq",,131,12,2025-10-18T12:25:42+02:00,,Created,,1,2025-10-20T00:00:00+02:00,2025-10-20T13:54:55+02:00,"Florian Pauler",Hippenmeyer,27829,19701,1,Completed,1,15,0,qpcr,21714,287,no_spikeins,1,,None,Standard,,7,4,2025-10-28T12:45:42+01:00,,,,R19701_1,534228,Completed,19701,366495,1,1,0,7,4,0,,2025-10-28T12:45:36+01:00,,366495,Illumina,Ready,C8_SetA_Pl1,"Mus musculus",RNA-Seq,Cx,"single cell",M11-Emx1creER,,,,,"Florian Pauler",Hippenmeyer,none,"none Illumina",,100-700,200-1000,1,0,Standard,"IDT-ILMN Nextera DNA UD Indexes v3",7059,5059,,CTGTTGGTCC,ATAGACCGTT,,2025-10-21T00:00:00+02:00,2025-10-22T00:00:00+02:00,2025-10-22T13:35:39+02:00
19701,"Florian Pauler",Hippenmeyer,Completed,Illumina,0,"NovaSeqX 10B XP flowcell PairedEnd 150 - single lane",1,,,-,"~40 yl of 11nM, library. Smart-Seq v3. PhiX requested to be 15%",287,2025-10-20T00:00:00+02:00,2025-10-21T00:00:00+02:00,2025-10-28T00:00:00+01:00,7,2025-10-28T12:45:42+01:00,3575,"Organoid PatchSeq",,131,12,2025-10-18T12:25:42+02:00,,Created,,1,2025-10-20T00:00:00+02:00,2025-10-20T13:54:55+02:00,"Florian Pauler",Hippenmeyer,27829,19701,1,Completed,1,15,0,qpcr,21714,287,no_spikeins,1,,None,Standard,,7,4,2025-10-28T12:45:42+01:00,,,,R19701_1,534229,Completed,19701,366494,1,1,0,7,4,0,,2025-10-28T12:45:36+01:00,,366494,Illumina,Ready,B8_SetA_Pl1,"Mus musculus",RNA-Seq,Cx,"single cell",M11-Emx1creER,,,,,"Florian Pauler",Hippenmeyer,none,"none Illumina",,100-700,200-1000,1,0,Standard,"IDT-ILMN Nextera DNA UD Indexes v3",7058,5058,,CTCGCTTCGG,TACTAGTCAA,,2025-10-21T00:00:00+02:00,2025-10-22T00:00:00+02:00,2025-10-22T13:35:39+02:00
19701,"Florian Pauler",Hippenmeyer,Completed,Illumina,0,"NovaSeqX 10B XP flowcell PairedEnd 150 - single lane",1,,,-,"~40 yl of 11nM, library. Smart-Seq v3. PhiX requested to be 15%",287,2025-10-20T00:00:00+02:00,2025-10-21T00:00:00+02:00,2025-10-28T00:00:00+01:00,7,2025-10-28T12:45:42+01:00,3575,"Organoid PatchSeq",,131,12,2025-10-18T12:25:42+02:00,,Created,,1,2025-10-20T00:00:00+02:00,2025-10-20T13:54:55+02:00,"Florian Pauler",Hippenmeyer,27829,19701,1,Completed,1,15,0,qpcr,21714,287,no_spikeins,1,,None,Standard,,7,4,2025-10-28T12:45:42+01:00,,,,R19701_1,534230,Completed,19701,366493,1,1,0,7,4,0,,2025-10-28T12:45:37+01:00,,366493,Illumina,Ready,A8_SetA_Pl1,"Mus musculus",RNA-Seq,Cx,"single cell",M11-Emx1creER,,,,,"Florian Pauler",Hippenmeyer,none,"none Illumina",,100-700,200-1000,1,0,Standard,"IDT-ILMN Nextera DNA UD Indexes v3",7057,5057,,TCTATCCTAA,CGTCGACTGG,,2025-10-21T00:00:00+02:00,2025-10-22T00:00:00+02:00,2025-10-22T13:35:39+02:00
19701,"Florian Pauler",Hippenmeyer,Completed,Illumina,0,"NovaSeqX 10B XP flowcell PairedEnd 150 - single lane",1,,,-,"~40 yl of 11nM, library. Smart-Seq v3. PhiX requested to be 15%",287,2025-10-20T00:00:00+02:00,2025-10-21T00:00:00+02:00,2025-10-28T00:00:00+01:00,7,2025-10-28T12:45:42+01:00,3575,"Organoid PatchSeq",,131,12,2025-10-18T12:25:42+02:00,,Created,,1,2025-10-20T00:00:00+02:00,2025-10-20T13:54:55+02:00,"Florian Pauler",Hippenmeyer,27829,19701,1,Completed,1,15,0,qpcr,21714,287,no_spikeins,1,,None,Standard,,7,4,2025-10-28T12:45:42+01:00,,,,R19701_1,534251,Completed,19701,366472,1,1,0,7,4,0,,2025-10-28T12:45:39+01:00,,366472,Illumina,Ready,D5_SetA_Pl1,"Mus musculus",RNA-Seq,Cx,"single cell",M11-Emx1creER,,,,,"Florian Pauler",Hippenmeyer,none,"none Illumina",,100-700,200-1000,1,0,Standard,"IDT-ILMN Nextera DNA UD Indexes v3",7036,5036,,ACCGGCCGTA,TGGCAATATT,,2025-10-21T00:00:00+02:00,2025-10-22T00:00:00+02:00,2025-10-22T13:35:14+02:00
19701,"Florian Pauler",Hippenmeyer,Completed,Illumina,0,"NovaSeqX 10B XP flowcell PairedEnd 150 - single lane",1,,,-,"~40 yl of 11nM, library. Smart-Seq v3. PhiX requested to be 15%",287,2025-10-20T00:00:00+02:00,2025-10-21T00:00:00+02:00,2025-10-28T00:00:00+01:00,7,2025-10-28T12:45:42+01:00,3575,"Organoid PatchSeq",,131,12,2025-10-18T12:25:42+02:00,,Created,,1,2025-10-20T00:00:00+02:00,2025-10-20T13:54:55+02:00,"Florian Pauler",Hippenmeyer,27829,19701,1,Completed,1,15,0,qpcr,21714,287,no_spikeins,1,,None,Standard,,7,4,2025-10-28T12:45:42+01:00,,,,R19701_1,534252,Completed,19701,366471,1,1,0,7,4,0,,2025-10-28T12:45:39+01:00,,366471,Illumina,Ready,C5_SetA_Pl1,"Mus musculus",RNA-Seq,Cx,"single cell",M11-Emx1creER,,,,,"Florian Pauler",Hippenmeyer,none,"none Illumina",,100-700,200-1000,1,0,Standard,"IDT-ILMN Nextera DNA UD Indexes v3",7035,5035,,GGTAACTCGC,AAGTTGGTGA,,2025-10-21T00:00:00+02:00,2025-10-22T00:00:00+02:00,2025-10-22T13:35:14+02:00
19701,"Florian Pauler",Hippenmeyer,Completed,Illumina,0,"NovaSeqX 10B XP flowcell PairedEnd 150 - single lane",1,,,-,"~40 yl of 11nM, library. Smart-Seq v3. PhiX requested to be 15%",287,2025-10-20T00:00:00+02:00,2025-10-21T00:00:00+02:00,2025-10-28T00:00:00+01:00,7,2025-10-28T12:45:42+01:00,3575,"Organoid PatchSeq",,131,12,2025-10-18T12:25:42+02:00,,Created,,1,2025-10-20T00:00:00+02:00,2025-10-20T13:54:55+02:00,"Florian Pauler",Hippenmeyer,27829,19701,1,Completed,1,15,0,qpcr,21714,287,no_spikeins,1,,None,Standard,,7,4,2025-10-28T12:45:42+01:00,,,,R19701_1,534253,Completed,19701,366470,1,1,0,7,4,0,,2025-10-28T12:45:39+01:00,,366470,Illumina,Ready,B5_SetA_Pl1,"Mus musculus",RNA-Seq,Cx,"single cell",M11-Emx1creER,,,,,"Florian Pauler",Hippenmeyer,none,"none Illumina",,100-700,200-1000,1,0,Standard,"IDT-ILMN Nextera DNA UD Indexes v3",7034,5034,,CAGCCGCGTA,ACTAGCCGTG,,2025-10-21T00:00:00+02:00,2025-10-22T00:00:00+02:00,2025-10-22T13:35:14+02:00
19701,"Florian Pauler",Hippenmeyer,Completed,Illumina,0,"NovaSeqX 10B XP flowcell PairedEnd 150 - single lane",1,,,-,"~40 yl of 11nM, library. Smart-Seq v3. PhiX requested to be 15%",287,2025-10-20T00:00:00+02:00,2025-10-21T00:00:00+02:00,2025-10-28T00:00:00+01:00,7,2025-10-28T12:45:42+01:00,3575,"Organoid PatchSeq",,131,12,2025-10-18T12:25:42+02:00,,Created,,1,2025-10-20T00:00:00+02:00,2025-10-20T13:54:55+02:00,"Florian Pauler",Hippenmeyer,27829,19701,1,Completed,1,15,0,qpcr,21714,287,no_spikeins,1,,None,Standard,,7,4,2025-10-28T12:45:42+01:00,,,,R19701_1,534254,Completed,19701,366469,1,1,0,7,4,0,,2025-10-28T12:45:39+01:00,,366469,Illumina,Ready,A5_SetA_Pl1,"Mus musculus",RNA-Seq,Cx,"single cell",M11-Emx1creER,,,,,"Florian Pauler",Hippenmeyer,none,"none Illumina",,100-700,200-1000,1,0,Standard,"IDT-ILMN Nextera DNA UD Indexes v3",7033,5033,,TGATTATACG,GTCGATTACA,,2025-10-21T00:00:00+02:00,2025-10-22T00:00:00+02:00,2025-10-22T13:35:15+02:00
19701,"Florian Pauler",Hippenmeyer,Completed,Illumina,0,"NovaSeqX 10B XP flowcell PairedEnd 150 - single lane",1,,,-,"~40 yl of 11nM, library. Smart-Seq v3. PhiX requested to be 15%",287,2025-10-20T00:00:00+02:00,2025-10-21T00:00:00+02:00,2025-10-28T00:00:00+01:00,7,2025-10-28T12:45:42+01:00,3575,"Organoid PatchSeq",,131,12,2025-10-18T12:25:42+02:00,,Created,,1,2025-10-20T00:00:00+02:00,2025-10-20T13:54:55+02:00,"Florian Pauler",Hippenmeyer,27829,19701,1,Completed,1,15,0,qpcr,21714,287,no_spikeins,1,,None,Standard,,7,4,2025-10-28T12:45:42+01:00,,,,R19701_1,534255,Completed,19701,366468,1,1,0,7,4,0,,2025-10-28T12:45:39+01:00,,366468,Illumina,Ready,H4_SetA_Pl1,"Mus musculus",RNA-Seq,Cx,"single cell",M11-Emx1creER,,,,,"Florian Pauler",Hippenmeyer,none,"none Illumina",,100-700,200-1000,1,0,Standard,"IDT-ILMN Nextera DNA UD Indexes v3",7032,5032,,ACAGTGTATG,GAACATACGG,,2025-10-21T00:00:00+02:00,2025-10-22T00:00:00+02:00,2025-10-22T13:35:15+02:00
19701,"Florian Pauler",Hippenmeyer,Completed,Illumina,0,"NovaSeqX 10B XP flowcell PairedEnd 150 - single lane",1,,,-,"~40 yl of 11nM, library. Smart-Seq v3. PhiX requested to be 15%",287,2025-10-20T00:00:00+02:00,2025-10-21T00:00:00+02:00,2025-10-28T00:00:00+01:00,7,2025-10-28T12:45:42+01:00,3575,"Organoid PatchSeq",,131,12,2025-10-18T12:25:42+02:00,,Created,,1,2025-10-20T00:00:00+02:00,2025-10-20T13:54:55+02:00,"Florian Pauler",Hippenmeyer,27829,19701,1,Completed,1,15,0,qpcr,21714,287,no_spikeins,1,,None,Standard,,7,4,2025-10-28T12:45:42+01:00,,,,R19701_1,534273,Completed,19701,366450,1,1,0,7,4,0,,2025-10-28T12:45:41+01:00,,366450,Illumina,Ready,F2_SetA_Pl1,"Mus musculus",RNA-Seq,Cx,"single cell",M11-Emx1creER,,,,,"Florian Pauler",Hippenmeyer,none,"none Illumina",,100-700,200-1000,1,0,Standard,"IDT-ILMN Nextera DNA UD Indexes v3",7014,5014,,GAAGCGGCAC,CGGCTCTACT,,2025-10-21T00:00:00+02:00,2025-10-22T00:00:00+02:00,2025-10-22T13:35:19+02:00
19701,"Florian Pauler",Hippenmeyer,Completed,Illumina,0,"NovaSeqX 10B XP flowcell PairedEnd 150 - single lane",1,,,-,"~40 yl of 11nM, library. Smart-Seq v3. PhiX requested to be 15%",287,2025-10-20T00:00:00+02:00,2025-10-21T00:00:00+02:00,2025-10-28T00:00:00+01:00,7,2025-10-28T12:45:42+01:00,3575,"Organoid PatchSeq",,131,12,2025-10-18T12:25:42+02:00,,Created,,1,2025-10-20T00:00:00+02:00,2025-10-20T13:54:55+02:00,"Florian Pauler",Hippenmeyer,27829,19701,1,Completed,1,15,0,qpcr,21714,287,no_spikeins,1,,None,Standard,,7,4,2025-10-28T12:45:42+01:00,,,,R19701_1,534274,Completed,19701,366449,1,1,0,7,4,0,,2025-10-28T12:45:41+01:00,,366449,Illumina,Ready,E2_SetA_Pl1,"Mus musculus",RNA-Seq,Cx,"single cell",M11-Emx1creER,,,,,"Florian Pauler",Hippenmeyer,none,"none Illumina",,100-700,200-1000,1,0,Standard,"IDT-ILMN Nextera DNA UD Indexes v3",7013,5013,,CTTGCCATTA,ATCACGAAGG,,2025-10-21T00:00:00+02:00,2025-10-22T00:00:00+02:00,2025-10-22T13:35:19+02:00
19701,"Florian Pauler",Hippenmeyer,Completed,Illumina,0,"NovaSeqX 10B XP flowcell PairedEnd 150 - single lane",1,,,-,"~40 yl of 11nM, library. Smart-Seq v3. PhiX requested to be 15%",287,2025-10-20T00:00:00+02:00,2025-10-21T00:00:00+02:00,2025-10-28T00:00:00+01:00,7,2025-10-28T12:45:42+01:00,3575,"Organoid PatchSeq",,131,12,2025-10-18T12:25:42+02:00,,Created,,1,2025-10-20T00:00:00+02:00,2025-10-20T13:54:55+02:00,"Florian Pauler",Hippenmeyer,27829,19701,1,Completed,1,15,0,qpcr,21714,287,no_spikeins,1,,None,Standard,,7,4,2025-10-28T12:45:42+01:00,,,,R19701_1,534275,Completed,19701,366448,1,1,0,7,4,0,,2025-10-28T12:45:41+01:00,,366448,Illumina,Ready,D2_SetA_Pl1,"Mus musculus",RNA-Seq,Cx,"single cell",M11-Emx1creER,,,,,"Florian Pauler",Hippenmeyer,none,"none Illumina",,100-700,200-1000,1,0,Standard,"IDT-ILMN Nextera DNA UD Indexes v3",7012,5012,,GAGTCATAGG,GTGTGGCGCT,,2025-10-21T00:00:00+02:00,2025-10-22T00:00:00+02:00,2025-10-22T13:35:19+02:00
19701,"Florian Pauler",Hippenmeyer,Completed,Illumina,0,"NovaSeqX 10B XP flowcell PairedEnd 150 - single lane",1,,,-,"~40 yl of 11nM, library. Smart-Seq v3. PhiX requested to be 15%",287,2025-10-20T00:00:00+02:00,2025-10-21T00:00:00+02:00,2025-10-28T00:00:00+01:00,7,2025-10-28T12:45:42+01:00,3575,"Organoid PatchSeq",,131,12,2025-10-18T12:25:42+02:00,,Created,,1,2025-10-20T00:00:00+02:00,2025-10-20T13:54:55+02:00,"Florian Pauler",Hippenmeyer,27829,19701,1,Completed,1,15,0,qpcr,21714,287,no_spikeins,1,,None,Standard,,7,4,2025-10-28T12:45:42+01:00,,,,R19701_1,534277,Completed,19701,366446,1,1,0,7,4,0,,2025-10-28T12:45:41+01:00,,366446,Illumina,Ready,B2_SetA_Pl1,"Mus musculus",RNA-Seq,Cx,"single cell",M11-Emx1creER,,,,,"Florian Pauler",Hippenmeyer,none,"none Illumina",,100-700,200-1000,1,0,Standard,"IDT-ILMN Nextera DNA UD Indexes v3",7010,5010,,AGTCAGACGA,ACCAGCGACA,,2025-10-21T00:00:00+02:00,2025-10-22T00:00:00+02:00,2025-10-22T13:35:19+02:00
19701,"Florian Pauler",Hippenmeyer,Completed,Illumina,0,"NovaSeqX 10B XP flowcell PairedEnd 150 - single lane",1,,,-,"~40 yl of 11nM, library. Smart-Seq v3. PhiX requested to be 15%",287,2025-10-20T00:00:00+02:00,2025-10-21T00:00:00+02:00,2025-10-28T00:00:00+01:00,7,2025-10-28T12:45:42+01:00,3575,"Organoid PatchSeq",,131,12,2025-10-18T12:25:42+02:00,,Created,,1,2025-10-20T00:00:00+02:00,2025-10-20T13:54:55+02:00,"Florian Pauler",Hippenmeyer,27829,19701,1,Completed,1,15,0,qpcr,21714,287,no_spikeins,1,,None,Standard,,7,4,2025-10-28T12:45:42+01:00,,,,R19701_1,534278,Completed,19701,366445,1,1,0,7,4,0,,2025-10-28T12:45:41+01:00,,366445,Illumina,Ready,A2_SetA_Pl1,"Mus musculus",RNA-Seq,Cx,"single cell",M11-Emx1creER,,,,,"Florian Pauler",Hippenmeyer,none,"none Illumina",,100-700,200-1000,1,0,Standard,"IDT-ILMN Nextera DNA UD Indexes v3",7009,5009,,GACTGAGTAG,GTTGATAGTG,,2025-10-21T00:00:00+02:00,2025-10-22T00:00:00+02:00,2025-10-22T13:35:20+02:00
19701,"Florian Pauler",Hippenmeyer,Completed,Illumina,0,"NovaSeqX 10B XP flowcell PairedEnd 150 - single lane",1,,,-,"~40 yl of 11nM, library. Smart-Seq v3. PhiX requested to be 15%",287,2025-10-20T00:00:00+02:00,2025-10-21T00:00:00+02:00,2025-10-28T00:00:00+01:00,7,2025-10-28T12:45:42+01:00,3575,"Organoid PatchSeq",,131,12,2025-10-18T12:25:42+02:00,,Created,,1,2025-10-20T00:00:00+02:00,2025-10-20T13:54:55+02:00,"Florian Pauler",Hippenmeyer,27829,19701,1,Completed,1,15,0,qpcr,21714,287,no_spikeins,1,,None,Standard,,7,4,2025-10-28T12:45:42+01:00,,,,R19701_1,534279,Completed,19701,366444,1,1,0,7,4,0,,2025-10-28T12:45:41+01:00,,366444,Illumina,Ready,H1_SetA_Pl1,"Mus musculus",RNA-Seq,Cx,"single cell",M11-Emx1creER,,,,,"Florian Pauler",Hippenmeyer,none,"none Illumina",,100-700,200-1000,1,0,Standard,"IDT-ILMN Nextera DNA UD Indexes v3",7008,5008,,GATCAAGGCA,CCTTGTTAAT,,2025-10-21T00:00:00+02:00,2025-10-22T00:00:00+02:00,2025-10-22T13:35:20+02:00
19701,"Florian Pauler",Hippenmeyer,Completed,Illumina,0,"NovaSeqX 10B XP flowcell PairedEnd 150 - single lane",1,,,-,"~40 yl of 11nM, library. Smart-Seq v3. PhiX requested to be 15%",287,2025-10-20T00:00:00+02:00,2025-10-21T00:00:00+02:00,2025-10-28T00:00:00+01:00,7,2025-10-28T12:45:42+01:00,3575,"Organoid PatchSeq",,131,12,2025-10-18T12:25:42+02:00,,Created,,1,2025-10-20T00:00:00+02:00,2025-10-20T13:54:55+02:00,"Florian Pauler",Hippenmeyer,27829,19701,1,Completed,1,15,0,qpcr,21714,287,no_spikeins,1,,None,Standard,,7,4,2025-10-28T12:45:42+01:00,,,,R19701_1,534280,Completed,19701,366443,1,1,0,7,4,0,,2025-10-28T12:45:41+01:00,,366443,Illumina,Ready,G1_SetA_Pl1,"Mus musculus",RNA-Seq,Cx,"single cell",M11-Emx1creER,,,,,"Florian Pauler",Hippenmeyer,none,"none Illumina",,100-700,200-1000,1,0,Standard,"IDT-ILMN Nextera DNA UD Indexes v3",7007,5007,,CTAGTGCTCT,TGGAACAGTA,,2025-10-21T00:00:00+02:00,2025-10-22T00:00:00+02:00,2025-10-22T13:35:20+02:00
19701,"Florian Pauler",Hippenmeyer,Completed,Illumina,0,"NovaSeqX 10B XP flowcell PairedEnd 150 - single lane",1,,,-,"~40 yl of 11nM, library. Smart-Seq v3. PhiX requested to be 15%",287,2025-10-20T00:00:00+02:00,2025-10-21T00:00:00+02:00,2025-10-28T00:00:00+01:00,7,2025-10-28T12:45:42+01:00,3575,"Organoid PatchSeq",,131,12,2025-10-18T12:25:42+02:00,,Created,,1,2025-10-20T00:00:00+02:00,2025-10-20T13:54:55+02:00,"Florian Pauler",Hippenmeyer,27829,19701,1,Completed,1,15,0,qpcr,21714,287,no_spikeins,1,,None,Standard,,7,4,2025-10-28T12:45:42+01:00,,,,R19701_1,534281,Completed,19701,366442,1,1,0,7,4,0,,2025-10-28T12:45:42+01:00,,366442,Illumina,Ready,F1_SetA_Pl1,"Mus musculus",RNA-Seq,Cx,"single cell",M11-Emx1creER,,,,,"Florian Pauler",Hippenmeyer,none,"none Illumina",,100-700,200-1000,1,0,Standard,"IDT-ILMN Nextera DNA UD Indexes v3",7006,5006,,AACATCGCGC,GTCCACTTGT,,2025-10-21T00:00:00+02:00,2025-10-22T00:00:00+02:00,2025-10-22T13:35:21+02:00
19701,"Florian Pauler",Hippenmeyer,Completed,Illumina,0,"NovaSeqX 10B XP flowcell PairedEnd 150 - single lane",1,,,-,"~40 yl of 11nM, library. Smart-Seq v3. PhiX requested to be 15%",287,2025-10-20T00:00:00+02:00,2025-10-21T00:00:00+02:00,2025-10-28T00:00:00+01:00,7,2025-10-28T12:45:42+01:00,3575,"Organoid PatchSeq",,131,12,2025-10-18T12:25:42+02:00,,Created,,1,2025-10-20T00:00:00+02:00,2025-10-20T13:54:55+02:00,"Florian Pauler",Hippenmeyer,27829,19701,1,Completed,1,15,0,qpcr,21714,287,no_spikeins,1,,None,Standard,,7,4,2025-10-28T12:45:42+01:00,,,,R19701_1,534282,Completed,19701,366441,1,1,0,7,4,0,,2025-10-28T12:45:42+01:00,,366441,Illumina,Ready,E1_SetA_Pl1,"Mus musculus",RNA-Seq,Cx,"single cell",M11-Emx1creER,,,,,"Florian Pauler",Hippenmeyer,none,"none Illumina",,100-700,200-1000,1,0,Standard,"IDT-ILMN Nextera DNA UD Indexes v3",7005,5005,,CACAATAGGA,TCCATCCGAG,,2025-10-21T00:00:00+02:00,2025-10-22T00:00:00+02:00,2025-10-22T13:35:21+02:00
19701,"Florian Pauler",Hippenmeyer,Completed,Illumina,0,"NovaSeqX 10B XP flowcell PairedEnd 150 - single lane",1,,,-,"~40 yl of 11nM, library. Smart-Seq v3. PhiX requested to be 15%",287,2025-10-20T00:00:00+02:00,2025-10-21T00:00:00+02:00,2025-10-28T00:00:00+01:00,7,2025-10-28T12:45:42+01:00,3575,"Organoid PatchSeq",,131,12,2025-10-18T12:25:42+02:00,,Created,,1,2025-10-20T00:00:00+02:00,2025-10-20T13:54:55+02:00,"Florian Pauler",Hippenmeyer,27829,19701,1,Completed,1,15,0,qpcr,21714,287,no_spikeins,1,,None,Standard,,7,4,2025-10-28T12:45:42+01:00,,,,R19701_1,534283,Completed,19701,366440,1,1,0,7,4,0,,2025-10-28T12:45:42+01:00,,366440,Illumina,Ready,D1_SetA_Pl1,"Mus musculus",RNA-Seq,Cx,"single cell",M11-Emx1creER,,,,,"Florian Pauler",Hippenmeyer,none,"none Illumina",,100-700,200-1000,1,0,Standard,"IDT-ILMN Nextera DNA UD Indexes v3",7004,5004,,ATTCCATAAG,TGCCTGGTGG,,2025-10-21T00:00:00+02:00,2025-10-22T00:00:00+02:00,2025-10-22T13:35:21+02:00
19701,"Florian Pauler",Hippenmeyer,Completed,Illumina,0,"NovaSeqX 10B XP flowcell PairedEnd 150 - single lane",1,,,-,"~40 yl of 11nM, library. Smart-Seq v3. PhiX requested to be 15%",287,2025-10-20T00:00:00+02:00,2025-10-21T00:00:00+02:00,2025-10-28T00:00:00+01:00,7,2025-10-28T12:45:42+01:00,3575,"Organoid PatchSeq",,131,12,2025-10-18T12:25:42+02:00,,Created,,1,2025-10-20T00:00:00+02:00,2025-10-20T13:54:55+02:00,"Florian Pauler",Hippenmeyer,27829,19701,1,Completed,1,15,0,qpcr,21714,287,no_spikeins,1,,None,Standard,,7,4,2025-10-28T12:45:42+01:00,,,,R19701_1,534258,Completed,19701,366465,1,1,0,7,4,0,,2025-10-28T12:45:39+01:00,,366465,Illumina,Ready,E4_SetA_Pl1,"Mus musculus",RNA-Seq,Cx,"single cell",M11-Emx1creER,,,,,"Florian Pauler",Hippenmeyer,none,"none Illumina",,100-700,200-1000,1,0,Standard,"IDT-ILMN Nextera DNA UD Indexes v3",7029,5029,,GCCGCACTCT,TCCGACCTCG,,2025-10-21T00:00:00+02:00,2025-10-22T00:00:00+02:00,2025-10-22T13:35:16+02:00
19701,"Florian Pauler",Hippenmeyer,Completed,Illumina,0,"NovaSeqX 10B XP flowcell PairedEnd 150 - single lane",1,,,-,"~40 yl of 11nM, library. Smart-Seq v3. PhiX requested to be 15%",287,2025-10-20T00:00:00+02:00,2025-10-21T00:00:00+02:00,2025-10-28T00:00:00+01:00,7,2025-10-28T12:45:42+01:00,3575,"Organoid PatchSeq",,131,12,2025-10-18T12:25:42+02:00,,Created,,1,2025-10-20T00:00:00+02:00,2025-10-20T13:54:55+02:00,"Florian Pauler",Hippenmeyer,27829,19701,1,Completed,1,15,0,qpcr,21714,287,no_spikeins,1,,None,Standard,,7,4,2025-10-28T12:45:42+01:00,,,,R19701_1,534259,Completed,19701,366464,1,1,0,7,4,0,,2025-10-28T12:45:39+01:00,,366464,Illumina,Ready,D4_SetA_Pl1,"Mus musculus",RNA-Seq,Cx,"single cell",M11-Emx1creER,,,,,"Florian Pauler",Hippenmeyer,none,"none Illumina",,100-700,200-1000,1,0,Standard,"IDT-ILMN Nextera DNA UD Indexes v3",7028,5028,,ACCACGACAT,TCGTATGCGG,,2025-10-21T00:00:00+02:00,2025-10-22T00:00:00+02:00,2025-10-22T13:35:16+02:00
19701,"Florian Pauler",Hippenmeyer,Completed,Illumina,0,"NovaSeqX 10B XP flowcell PairedEnd 150 - single lane",1,,,-,"~40 yl of 11nM, library. Smart-Seq v3. PhiX requested to be 15%",287,2025-10-20T00:00:00+02:00,2025-10-21T00:00:00+02:00,2025-10-28T00:00:00+01:00,7,2025-10-28T12:45:42+01:00,3575,"Organoid PatchSeq",,131,12,2025-10-18T12:25:42+02:00,,Created,,1,2025-10-20T00:00:00+02:00,2025-10-20T13:54:55+02:00,"Florian Pauler",Hippenmeyer,27829,19701,1,Completed,1,15,0,qpcr,21714,287,no_spikeins,1,,None,Standard,,7,4,2025-10-28T12:45:42+01:00,,,,R19701_1,534260,Completed,19701,366463,1,1,0,7,4,0,,2025-10-28T12:45:40+01:00,,366463,Illumina,Ready,C4_SetA_Pl1,"Mus musculus",RNA-Seq,Cx,"single cell",M11-Emx1creER,,,,,"Florian Pauler",Hippenmeyer,none,"none Illumina",,100-700,200-1000,1,0,Standard,"IDT-ILMN Nextera DNA UD Indexes v3",7027,5027,,TAAGCATCCA,TCAATCCATT,,2025-10-21T00:00:00+02:00,2025-10-22T00:00:00+02:00,2025-10-22T13:35:16+02:00
19701,"Florian Pauler",Hippenmeyer,Completed,Illumina,0,"NovaSeqX 10B XP flowcell PairedEnd 150 - single lane",1,,,-,"~40 yl of 11nM, library. Smart-Seq v3. PhiX requested to be 15%",287,2025-10-20T00:00:00+02:00,2025-10-21T00:00:00+02:00,2025-10-28T00:00:00+01:00,7,2025-10-28T12:45:42+01:00,3575,"Organoid PatchSeq",,131,12,2025-10-18T12:25:42+02:00,,Created,,1,2025-10-20T00:00:00+02:00,2025-10-20T13:54:55+02:00,"Florian Pauler",Hippenmeyer,27829,19701,1,Completed,1,15,0,qpcr,21714,287,no_spikeins,1,,None,Standard,,7,4,2025-10-28T12:45:42+01:00,,,,R19701_1,534261,Completed,19701,366462,1,1,0,7,4,0,,2025-10-28T12:45:40+01:00,,366462,Illumina,Ready,B4_SetA_Pl1,"Mus musculus",RNA-Seq,Cx,"single cell",M11-Emx1creER,,,,,"Florian Pauler",Hippenmeyer,none,"none Illumina",,100-700,200-1000,1,0,Standard,"IDT-ILMN Nextera DNA UD Indexes v3",7026,5026,,GGTTGCGAGG,AATAGAGCAA,,2025-10-21T00:00:00+02:00,2025-10-22T00:00:00+02:00,2025-10-22T13:35:16+02:00
19701,"Florian Pauler",Hippenmeyer,Completed,Illumina,0,"NovaSeqX 10B XP flowcell PairedEnd 150 - single lane",1,,,-,"~40 yl of 11nM, library. Smart-Seq v3. PhiX requested to be 15%",287,2025-10-20T00:00:00+02:00,2025-10-21T00:00:00+02:00,2025-10-28T00:00:00+01:00,7,2025-10-28T12:45:42+01:00,3575,"Organoid PatchSeq",,131,12,2025-10-18T12:25:42+02:00,,Created,,1,2025-10-20T00:00:00+02:00,2025-10-20T13:54:55+02:00,"Florian Pauler",Hippenmeyer,27829,19701,1,Completed,1,15,0,qpcr,21714,287,no_spikeins,1,,None,Standard,,7,4,2025-10-28T12:45:42+01:00,,,,R19701_1,534262,Completed,19701,366461,1,1,0,7,4,0,,2025-10-28T12:45:40+01:00,,366461,Illumina,Ready,A4_SetA_Pl1,"Mus musculus",RNA-Seq,Cx,"single cell",M11-Emx1creER,,,,,"Florian Pauler",Hippenmeyer,none,"none Illumina",,100-700,200-1000,1,0,Standard,"IDT-ILMN Nextera DNA UD Indexes v3",7025,5025,,AACCATAGAA,GGCGAGATGG,,2025-10-21T00:00:00+02:00,2025-10-22T00:00:00+02:00,2025-10-22T13:35:16+02:00
19701,"Florian Pauler",Hippenmeyer,Completed,Illumina,0,"NovaSeqX 10B XP flowcell PairedEnd 150 - single lane",1,,,-,"~40 yl of 11nM, library. Smart-Seq v3. PhiX requested to be 15%",287,2025-10-20T00:00:00+02:00,2025-10-21T00:00:00+02:00,2025-10-28T00:00:00+01:00,7,2025-10-28T12:45:42+01:00,3575,"Organoid PatchSeq",,131,12,2025-10-18T12:25:42+02:00,,Created,,1,2025-10-20T00:00:00+02:00,2025-10-20T13:54:55+02:00,"Florian Pauler",Hippenmeyer,27829,19701,1,Completed,1,15,0,qpcr,21714,287,no_spikeins,1,,None,Standard,,7,4,2025-10-28T12:45:42+01:00,,,,R19701_1,534263,Completed,19701,366460,1,1,0,7,4,0,,2025-10-28T12:45:40+01:00,,366460,Illumina,Ready,H3_SetA_Pl1,"Mus musculus",RNA-Seq,Cx,"single cell",M11-Emx1creER,,,,,"Florian Pauler",Hippenmeyer,none,"none Illumina",,100-700,200-1000,1,0,Standard,"IDT-ILMN Nextera DNA UD Indexes v3",7024,5024,,TTCTACATAC,CTAACTGTAA,,2025-10-21T00:00:00+02:00,2025-10-22T00:00:00+02:00,2025-10-22T13:35:17+02:00
19701,"Florian Pauler",Hippenmeyer,Completed,Illumina,0,"NovaSeqX 10B XP flowcell PairedEnd 150 - single lane",1,,,-,"~40 yl of 11nM, library. Smart-Seq v3. PhiX requested to be 15%",287,2025-10-20T00:00:00+02:00,2025-10-21T00:00:00+02:00,2025-10-28T00:00:00+01:00,7,2025-10-28T12:45:42+01:00,3575,"Organoid PatchSeq",,131,12,2025-10-18T12:25:42+02:00,,Created,,1,2025-10-20T00:00:00+02:00,2025-10-20T13:54:55+02:00,"Florian Pauler",Hippenmeyer,27829,19701,1,Completed,1,15,0,qpcr,21714,287,no_spikeins,1,,None,Standard,,7,4,2025-10-28T12:45:42+01:00,,,,R19701_1,534264,Completed,19701,366459,1,1,0,7,4,0,,2025-10-28T12:45:40+01:00,,366459,Illumina,Ready,G3_SetA_Pl1,"Mus musculus",RNA-Seq,Cx,"single cell",M11-Emx1creER,,,,,"Florian Pauler",Hippenmeyer,none,"none Illumina",,100-700,200-1000,1,0,Standard,"IDT-ILMN Nextera DNA UD Indexes v3",7023,5023,,ACGCCTTGTT,TAAGGAACGT,,2025-10-21T00:00:00+02:00,2025-10-22T00:00:00+02:00,2025-10-22T13:35:17+02:00
19701,"Florian Pauler",Hippenmeyer,Completed,Illumina,0,"NovaSeqX 10B XP flowcell PairedEnd 150 - single lane",1,,,-,"~40 yl of 11nM, library. Smart-Seq v3. PhiX requested to be 15%",287,2025-10-20T00:00:00+02:00,2025-10-21T00:00:00+02:00,2025-10-28T00:00:00+01:00,7,2025-10-28T12:45:42+01:00,3575,"Organoid PatchSeq",,131,12,2025-10-18T12:25:42+02:00,,Created,,1,2025-10-20T00:00:00+02:00,2025-10-20T13:54:55+02:00,"Florian Pauler",Hippenmeyer,27829,19701,1,Completed,1,15,0,qpcr,21714,287,no_spikeins,1,,None,Standard,,7,4,2025-10-28T12:45:42+01:00,,,,R19701_1,534265,Completed,19701,366458,1,1,0,7,4,0,,2025-10-28T12:45:40+01:00,,366458,Illumina,Ready,F3_SetA_Pl1,"Mus musculus",RNA-Seq,Cx,"single cell",M11-Emx1creER,,,,,"Florian Pauler",Hippenmeyer,none,"none Illumina",,100-700,200-1000,1,0,Standard,"IDT-ILMN Nextera DNA UD Indexes v3",7022,5022,,TATTGCGCTC,CTGTGTTAGG,,2025-10-21T00:00:00+02:00,2025-10-22T00:00:00+02:00,2025-10-22T13:35:17+02:00
19701,"Florian Pauler",Hippenmeyer,Completed,Illumina,0,"NovaSeqX 10B XP flowcell PairedEnd 150 - single lane",1,,,-,"~40 yl of 11nM, library. Smart-Seq v3. PhiX requested to be 15%",287,2025-10-20T00:00:00+02:00,2025-10-21T00:00:00+02:00,2025-10-28T00:00:00+01:00,7,2025-10-28T12:45:42+01:00,3575,"Organoid PatchSeq",,131,12,2025-10-18T12:25:42+02:00,,Created,,1,2025-10-20T00:00:00+02:00,2025-10-20T13:54:55+02:00,"Florian Pauler",Hippenmeyer,27829,19701,1,Completed,1,15,0,qpcr,21714,287,no_spikeins,1,,None,Standard,,7,4,2025-10-28T12:45:42+01:00,,,,R19701_1,534266,Completed,19701,366457,1,1,0,7,4,0,,2025-10-28T12:45:40+01:00,,366457,Illumina,Ready,E3_SetA_Pl1,"Mus musculus",RNA-Seq,Cx,"single cell",M11-Emx1creER,,,,,"Florian Pauler",Hippenmeyer,none,"none Illumina",,100-700,200-1000,1,0,Standard,"IDT-ILMN Nextera DNA UD Indexes v3",7021,5021,,ATGGTTGACT,GGCCTGTCCT,,2025-10-21T00:00:00+02:00,2025-10-22T00:00:00+02:00,2025-10-22T13:35:17+02:00
19701,"Florian Pauler",Hippenmeyer,Completed,Illumina,0,"NovaSeqX 10B XP flowcell PairedEnd 150 - single lane",1,,,-,"~40 yl of 11nM, library. Smart-Seq v3. PhiX requested to be 15%",287,2025-10-20T00:00:00+02:00,2025-10-21T00:00:00+02:00,2025-10-28T00:00:00+01:00,7,2025-10-28T12:45:42+01:00,3575,"Organoid PatchSeq",,131,12,2025-10-18T12:25:42+02:00,,Created,,1,2025-10-20T00:00:00+02:00,2025-10-20T13:54:55+02:00,"Florian Pauler",Hippenmeyer,27829,19701,1,Completed,1,15,0,qpcr,21714,287,no_spikeins,1,,None,Standard,,7,4,2025-10-28T12:45:42+01:00,,,,R19701_1,534267,Completed,19701,366456,1,1,0,7,4,0,,2025-10-28T12:45:40+01:00,,366456,Illumina,Ready,D3_SetA_Pl1,"Mus musculus",RNA-Seq,Cx,"single cell",M11-Emx1creER,,,,,"Florian Pauler",Hippenmeyer,none,"none Illumina",,100-700,200-1000,1,0,Standard,"IDT-ILMN Nextera DNA UD Indexes v3",7020,5020,,GATAGGCCGA,CGCACATGGC,,2025-10-21T00:00:00+02:00,2025-10-22T00:00:00+02:00,2025-10-22T13:35:17+02:00
19701,"Florian Pauler",Hippenmeyer,Completed,Illumina,0,"NovaSeqX 10B XP flowcell PairedEnd 150 - single lane",1,,,-,"~40 yl of 11nM, library. Smart-Seq v3. PhiX requested to be 15%",287,2025-10-20T00:00:00+02:00,2025-10-21T00:00:00+02:00,2025-10-28T00:00:00+01:00,7,2025-10-28T12:45:42+01:00,3575,"Organoid PatchSeq",,131,12,2025-10-18T12:25:42+02:00,,Created,,1,2025-10-20T00:00:00+02:00,2025-10-20T13:54:55+02:00,"Florian Pauler",Hippenmeyer,27829,19701,1,Completed,1,15,0,qpcr,21714,287,no_spikeins,1,,None,Standard,,7,4,2025-10-28T12:45:42+01:00,,,,R19701_1,534268,Completed,19701,366455,1,1,0,7,4,0,,2025-10-28T12:45:40+01:00,,366455,Illumina,Ready,C3_SetA_Pl1,"Mus musculus",RNA-Seq,Cx,"single cell",M11-Emx1creER,,,,,"Florian Pauler",Hippenmeyer,none,"none Illumina",,100-700,200-1000,1,0,Standard,"IDT-ILMN Nextera DNA UD Indexes v3",7019,5019,,CCATCATTAG,GGTTGCCTCT,,2025-10-21T00:00:00+02:00,2025-10-22T00:00:00+02:00,2025-10-22T13:35:17+02:00
19701,"Florian Pauler",Hippenmeyer,Completed,Illumina,0,"NovaSeqX 10B XP flowcell PairedEnd 150 - single lane",1,,,-,"~40 yl of 11nM, library. Smart-Seq v3. PhiX requested to be 15%",287,2025-10-20T00:00:00+02:00,2025-10-21T00:00:00+02:00,2025-10-28T00:00:00+01:00,7,2025-10-28T12:45:42+01:00,3575,"Organoid PatchSeq",,131,12,2025-10-18T12:25:42+02:00,,Created,,1,2025-10-20T00:00:00+02:00,2025-10-20T13:54:55+02:00,"Florian Pauler",Hippenmeyer,27829,19701,1,Completed,1,15,0,qpcr,21714,287,no_spikeins,1,,None,Standard,,7,4,2025-10-28T12:45:42+01:00,,,,R19701_1,534269,Completed,19701,366454,1,1,0,7,4,0,,2025-10-28T12:45:40+01:00,,366454,Illumina,Ready,B3_SetA_Pl1,"Mus musculus",RNA-Seq,Cx,"single cell",M11-Emx1creER,,,,,"Florian Pauler",Hippenmeyer,none,"none Illumina",,100-700,200-1000,1,0,Standard,"IDT-ILMN Nextera DNA UD Indexes v3",7018,5018,,AGAGGCAACC,CTAATGATGG,,2025-10-21T00:00:00+02:00,2025-10-22T00:00:00+02:00,2025-10-22T13:35:18+02:00
19701,"Florian Pauler",Hippenmeyer,Completed,Illumina,0,"NovaSeqX 10B XP flowcell PairedEnd 150 - single lane",1,,,-,"~40 yl of 11nM, library. Smart-Seq v3. PhiX requested to be 15%",287,2025-10-20T00:00:00+02:00,2025-10-21T00:00:00+02:00,2025-10-28T00:00:00+01:00,7,2025-10-28T12:45:42+01:00,3575,"Organoid PatchSeq",,131,12,2025-10-18T12:25:42+02:00,,Created,,1,2025-10-20T00:00:00+02:00,2025-10-20T13:54:55+02:00,"Florian Pauler",Hippenmeyer,27829,19701,1,Completed,1,15,0,qpcr,21714,287,no_spikeins,1,,None,Standard,,7,4,2025-10-28T12:45:42+01:00,,,,R19701_1,534270,Completed,19701,366453,1,1,0,7,4,0,,2025-10-28T12:45:40+01:00,,366453,Illumina,Ready,A3_SetA_Pl1,"Mus musculus",RNA-Seq,Cx,"single cell",M11-Emx1creER,,,,,"Florian Pauler",Hippenmeyer,none,"none Illumina",,100-700,200-1000,1,0,Standard,"IDT-ILMN Nextera DNA UD Indexes v3",7017,5017,,GAGAATGGTT,TCGGCAGCAA,,2025-10-21T00:00:00+02:00,2025-10-22T00:00:00+02:00,2025-10-22T13:35:18+02:00
19701,"Florian Pauler",Hippenmeyer,Completed,Illumina,0,"NovaSeqX 10B XP flowcell PairedEnd 150 - single lane",1,,,-,"~40 yl of 11nM, library. Smart-Seq v3. PhiX requested to be 15%",287,2025-10-20T00:00:00+02:00,2025-10-21T00:00:00+02:00,2025-10-28T00:00:00+01:00,7,2025-10-28T12:45:42+01:00,3575,"Organoid PatchSeq",,131,12,2025-10-18T12:25:42+02:00,,Created,,1,2025-10-20T00:00:00+02:00,2025-10-20T13:54:55+02:00,"Florian Pauler",Hippenmeyer,27829,19701,1,Completed,1,15,0,qpcr,21714,287,no_spikeins,1,,None,Standard,,7,4,2025-10-28T12:45:42+01:00,,,,R19701_1,534271,Completed,19701,366452,1,1,0,7,4,0,,2025-10-28T12:45:41+01:00,,366452,Illumina,Ready,H2_SetA_Pl1,"Mus musculus",RNA-Seq,Cx,"single cell",M11-Emx1creER,,,,,"Florian Pauler",Hippenmeyer,none,"none Illumina",,100-700,200-1000,1,0,Standard,"IDT-ILMN Nextera DNA UD Indexes v3",7016,5016,,CGGTTACGGC,AAGACTATAG,,2025-10-21T00:00:00+02:00,2025-10-22T00:00:00+02:00,2025-10-22T13:35:18+02:00
